game_id,game_date,is_home_game,shots_this_game_O3.5,shots_this_game_O2.5,shots_this_game_O1.5,shots_this_game_U1.5,shots_this_game_U2.5,shots_this_game_U3.5,shots_this_game_total,primary_position,days_old,assists-1-games_back,evenTimeOnIce-1-games_back,goals-1-games_back,penaltyMinutes-1-games_back,powerPlayTimeOnIce-1-games_back,shots-1-games_back,timeOnIce-1-games_back,assists-2-games_back,evenTimeOnIce-2-games_back,goals-2-games_back,penaltyMinutes-2-games_back,powerPlayTimeOnIce-2-games_back,shots-2-games_back,timeOnIce-2-games_back,assists-3-games_back,evenTimeOnIce-3-games_back,goals-3-games_back,penaltyMinutes-3-games_back,powerPlayTimeOnIce-3-games_back,shots-3-games_back,timeOnIce-3-games_back,assists-4-games_back,evenTimeOnIce-4-games_back,goals-4-games_back,penaltyMinutes-4-games_back,powerPlayTimeOnIce-4-games_back,shots-4-games_back,timeOnIce-4-games_back,assists-5-games_back,evenTimeOnIce-5-games_back,goals-5-games_back,penaltyMinutes-5-games_back,powerPlayTimeOnIce-5-games_back,shots-5-games_back,timeOnIce-5-games_back,assists-6-games_back,evenTimeOnIce-6-games_back,goals-6-games_back,penaltyMinutes-6-games_back,powerPlayTimeOnIce-6-games_back,shots-6-games_back,timeOnIce-6-games_back,assists-7-games_back,evenTimeOnIce-7-games_back,goals-7-games_back,penaltyMinutes-7-games_back,powerPlayTimeOnIce-7-games_back,shots-7-games_back,timeOnIce-7-games_back,assists-8-games_back,evenTimeOnIce-8-games_back,goals-8-games_back,penaltyMinutes-8-games_back,powerPlayTimeOnIce-8-games_back,shots-8-games_back,timeOnIce-8-games_back,assists-9-games_back,evenTimeOnIce-9-games_back,goals-9-games_back,penaltyMinutes-9-games_back,powerPlayTimeOnIce-9-games_back,shots-9-games_back,timeOnIce-9-games_back,assists-10-games_back,evenTimeOnIce-10-games_back,goals-10-games_back,penaltyMinutes-10-games_back,powerPlayTimeOnIce-10-games_back,shots-10-games_back,timeOnIce-10-games_back,home-ply-1-games_back,pim-ply-1-games_back,takeaways-ply-1-games_back,giveaways-ply-1-games_back,hits-ply-1-games_back,game_type-ply-1-games_back,shots-ply-1-games_back,home-opp-1-games_back,pim-opp-1-games_back,takeaways-opp-1-games_back,giveaways-opp-1-games_back,hits-opp-1-games_back,game_type-opp-1-games_back,blocked-opp-1-games_back,home-ply-2-games_back,pim-ply-2-games_back,takeaways-ply-2-games_back,giveaways-ply-2-games_back,hits-ply-2-games_back,game_type-ply-2-games_back,shots-ply-2-games_back,home-opp-2-games_back,pim-opp-2-games_back,takeaways-opp-2-games_back,giveaways-opp-2-games_back,hits-opp-2-games_back,game_type-opp-2-games_back,blocked-opp-2-games_back,home-ply-3-games_back,pim-ply-3-games_back,takeaways-ply-3-games_back,giveaways-ply-3-games_back,hits-ply-3-games_back,game_type-ply-3-games_back,shots-ply-3-games_back,home-opp-3-games_back,pim-opp-3-games_back,takeaways-opp-3-games_back,giveaways-opp-3-games_back,hits-opp-3-games_back,game_type-opp-3-games_back,blocked-opp-3-games_back,home-ply-4-games_back,pim-ply-4-games_back,takeaways-ply-4-games_back,giveaways-ply-4-games_back,hits-ply-4-games_back,game_type-ply-4-games_back,shots-ply-4-games_back,home-opp-4-games_back,pim-opp-4-games_back,takeaways-opp-4-games_back,giveaways-opp-4-games_back,hits-opp-4-games_back,game_type-opp-4-games_back,blocked-opp-4-games_back,home-ply-5-games_back,pim-ply-5-games_back,takeaways-ply-5-games_back,giveaways-ply-5-games_back,hits-ply-5-games_back,game_type-ply-5-games_back,shots-ply-5-games_back,home-opp-5-games_back,pim-opp-5-games_back,takeaways-opp-5-games_back,giveaways-opp-5-games_back,hits-opp-5-games_back,game_type-opp-5-games_back,blocked-opp-5-games_back,home-ply-6-games_back,pim-ply-6-games_back,takeaways-ply-6-games_back,giveaways-ply-6-games_back,hits-ply-6-games_back,game_type-ply-6-games_back,shots-ply-6-games_back,home-opp-6-games_back,pim-opp-6-games_back,takeaways-opp-6-games_back,giveaways-opp-6-games_back,hits-opp-6-games_back,game_type-opp-6-games_back,blocked-opp-6-games_back,home-ply-7-games_back,pim-ply-7-games_back,takeaways-ply-7-games_back,giveaways-ply-7-games_back,hits-ply-7-games_back,game_type-ply-7-games_back,shots-ply-7-games_back,home-opp-7-games_back,pim-opp-7-games_back,takeaways-opp-7-games_back,giveaways-opp-7-games_back,hits-opp-7-games_back,game_type-opp-7-games_back,blocked-opp-7-games_back,home-ply-8-games_back,pim-ply-8-games_back,takeaways-ply-8-games_back,giveaways-ply-8-games_back,hits-ply-8-games_back,game_type-ply-8-games_back,shots-ply-8-games_back,home-opp-8-games_back,pim-opp-8-games_back,takeaways-opp-8-games_back,giveaways-opp-8-games_back,hits-opp-8-games_back,game_type-opp-8-games_back,blocked-opp-8-games_back,home-ply-9-games_back,pim-ply-9-games_back,takeaways-ply-9-games_back,giveaways-ply-9-games_back,hits-ply-9-games_back,game_type-ply-9-games_back,shots-ply-9-games_back,home-opp-9-games_back,pim-opp-9-games_back,takeaways-opp-9-games_back,giveaways-opp-9-games_back,hits-opp-9-games_back,game_type-opp-9-games_back,blocked-opp-9-games_back,home-ply-10-games_back,pim-ply-10-games_back,takeaways-ply-10-games_back,giveaways-ply-10-games_back,hits-ply-10-games_back,game_type-ply-10-games_back,shots-ply-10-games_back,home-opp-10-games_back,pim-opp-10-games_back,takeaways-opp-10-games_back,giveaways-opp-10-games_back,hits-opp-10-games_back,game_type-opp-10-games_back,blocked-opp-10-games_back
2020020464,2021-03-17,0,0,0,1,0,1,1,2,C,7890,1,994,0,2,95,3,1089,0,1045,0,0,43,0,1138,0,904,0,0,112,0,1016,0,783,0,0,270,1,1063,0,1087,0,2,112,1,1230,1,1132,0,0,47,0,1185,1,1223,0,0,76,3,1299,1,959,0,0,83,2,1121,0,1134,1,0,127,2,1263,0,1012,0,0,106,1,1149,0,14,5,11,31,03,27,0,14,8,14,31,03,12,1,6,2,12,39,03,31,1,8,9,15,26,03,13,1,4,5,14,48,03,22,1,11,3,19,37,03,18,0,10,10,13,32,03,28,1,8,8,11,21,02,14,0,24,6,18,32,03,32,0,4,6,13,31,02,11,1,12,5,16,23,03,23,0,10,4,11,25,02,8,1,6,7,10,37,03,29,0,19,7,5,14,02,10,0,33,7,11,39,03,33,1,9,6,6,20,02,14,1,8,2,15,23,03,33,1,6,2,11,15,02,20,0,13,6,13,32,02,32,1,4,6,9,20,02,5
2020020453,2021-03-15,0,0,1,1,0,0,1,3,C,7888,0,1045,0,0,43,0,1138,0,904,0,0,112,0,1016,0,783,0,0,270,1,1063,0,1087,0,2,112,1,1230,1,1132,0,0,47,0,1185,1,1223,0,0,76,3,1299,1,959,0,0,83,2,1121,0,1134,1,0,127,2,1263,0,1012,0,0,106,1,1149,0,916,0,0,201,0,1245,1,6,2,12,39,03,31,1,8,9,15,26,03,13,1,4,5,14,48,03,22,1,11,3,19,37,03,18,0,10,10,13,32,03,28,1,8,8,11,21,02,14,0,24,6,18,32,03,32,0,4,6,13,31,02,11,1,12,5,16,23,03,23,0,10,4,11,25,02,8,1,6,7,10,37,03,29,0,19,7,5,14,02,10,0,33,7,11,39,03,33,1,9,6,6,20,02,14,1,8,2,15,23,03,33,1,6,2,11,15,02,20,0,13,6,13,32,02,32,1,4,6,9,20,02,5,0,6,3,12,34,02,36,1,10,8,15,10,02,12
2020020439,2021-03-13,0,0,0,0,1,1,1,0,C,7886,0,904,0,0,112,0,1016,0,783,0,0,270,1,1063,0,1087,0,2,112,1,1230,1,1132,0,0,47,0,1185,1,1223,0,0,76,3,1299,1,959,0,0,83,2,1121,0,1134,1,0,127,2,1263,0,1012,0,0,106,1,1149,0,916,0,0,201,0,1245,0,900,1,2,180,1,1224,1,4,5,14,48,03,22,1,11,3,19,37,03,18,0,10,10,13,32,03,28,1,8,8,11,21,02,14,0,24,6,18,32,03,32,0,4,6,13,31,02,11,1,12,5,16,23,03,23,0,10,4,11,25,02,8,1,6,7,10,37,03,29,0,19,7,5,14,02,10,0,33,7,11,39,03,33,1,9,6,6,20,02,14,1,8,2,15,23,03,33,1,6,2,11,15,02,20,0,13,6,13,32,02,32,1,4,6,9,20,02,5,0,6,3,12,34,02,36,1,10,8,15,10,02,12,0,14,2,3,31,02,34,1,4,10,10,17,02,12
2020020423,2021-03-11,0,0,0,0,1,1,1,0,C,7884,0,783,0,0,270,1,1063,0,1087,0,2,112,1,1230,1,1132,0,0,47,0,1185,1,1223,0,0,76,3,1299,1,959,0,0,83,2,1121,0,1134,1,0,127,2,1263,0,1012,0,0,106,1,1149,0,916,0,0,201,0,1245,0,900,1,2,180,1,1224,0,983,0,0,64,2,1047,0,10,10,13,32,03,28,1,8,8,11,21,02,14,0,24,6,18,32,03,32,0,4,6,13,31,02,11,1,12,5,16,23,03,23,0,10,4,11,25,02,8,1,6,7,10,37,03,29,0,19,7,5,14,02,10,0,33,7,11,39,03,33,1,9,6,6,20,02,14,1,8,2,15,23,03,33,1,6,2,11,15,02,20,0,13,6,13,32,02,32,1,4,6,9,20,02,5,0,6,3,12,34,02,36,1,10,8,15,10,02,12,0,14,2,3,31,02,34,1,4,10,10,17,02,12,0,12,3,3,38,02,36,1,8,8,17,16,02,24
2020020411,2021-03-10,0,0,0,0,1,1,1,1,C,7883,0,1087,0,2,112,1,1230,1,1132,0,0,47,0,1185,1,1223,0,0,76,3,1299,1,959,0,0,83,2,1121,0,1134,1,0,127,2,1263,0,1012,0,0,106,1,1149,0,916,0,0,201,0,1245,0,900,1,2,180,1,1224,0,983,0,0,64,2,1047,0,935,0,0,0,1,975,0,24,6,18,32,03,32,0,4,6,13,31,02,11,1,12,5,16,23,03,23,0,10,4,11,25,02,8,1,6,7,10,37,03,29,0,19,7,5,14,02,10,0,33,7,11,39,03,33,1,9,6,6,20,02,14,1,8,2,15,23,03,33,1,6,2,11,15,02,20,0,13,6,13,32,02,32,1,4,6,9,20,02,5,0,6,3,12,34,02,36,1,10,8,15,10,02,12,0,14,2,3,31,02,34,1,4,10,10,17,02,12,0,12,3,3,38,02,36,1,8,8,17,16,02,24,0,12,8,2,17,02,42,1,8,5,16,18,02,13
2020020397,2021-03-08,0,0,0,0,1,1,1,1,C,7881,1,1132,0,0,47,0,1185,1,1223,0,0,76,3,1299,1,959,0,0,83,2,1121,0,1134,1,0,127,2,1263,0,1012,0,0,106,1,1149,0,916,0,0,201,0,1245,0,900,1,2,180,1,1224,0,983,0,0,64,2,1047,0,935,0,0,0,1,975,0,850,0,0,76,3,1032,1,12,5,16,23,03,23,0,10,4,11,25,02,8,1,6,7,10,37,03,29,0,19,7,5,14,02,10,0,33,7,11,39,03,33,1,9,6,6,20,02,14,1,8,2,15,23,03,33,1,6,2,11,15,02,20,0,13,6,13,32,02,32,1,4,6,9,20,02,5,0,6,3,12,34,02,36,1,10,8,15,10,02,12,0,14,2,3,31,02,34,1,4,10,10,17,02,12,0,12,3,3,38,02,36,1,8,8,17,16,02,24,0,12,8,2,17,02,42,1,8,5,16,18,02,13,0,23,4,2,20,02,33,0,4,4,12,15,02,12
2020020382,2021-03-06,1,0,0,0,1,1,1,0,C,7879,1,1223,0,0,76,3,1299,1,959,0,0,83,2,1121,0,1134,1,0,127,2,1263,0,1012,0,0,106,1,1149,0,916,0,0,201,0,1245,0,900,1,2,180,1,1224,0,983,0,0,64,2,1047,0,935,0,0,0,1,975,0,850,0,0,76,3,1032,0,890,0,0,143,3,1167,1,6,7,10,37,03,29,0,19,7,5,14,02,10,0,33,7,11,39,03,33,1,9,6,6,20,02,14,1,8,2,15,23,03,33,1,6,2,11,15,02,20,0,13,6,13,32,02,32,1,4,6,9,20,02,5,0,6,3,12,34,02,36,1,10,8,15,10,02,12,0,14,2,3,31,02,34,1,4,10,10,17,02,12,0,12,3,3,38,02,36,1,8,8,17,16,02,24,0,12,8,2,17,02,42,1,8,5,16,18,02,13,0,23,4,2,20,02,33,0,4,4,12,15,02,12,1,15,0,15,18,02,21,1,4,2,12,19,02,13
2020020369,2021-03-04,1,0,1,1,0,0,1,3,C,7877,1,959,0,0,83,2,1121,0,1134,1,0,127,2,1263,0,1012,0,0,106,1,1149,0,916,0,0,201,0,1245,0,900,1,2,180,1,1224,0,983,0,0,64,2,1047,0,935,0,0,0,1,975,0,850,0,0,76,3,1032,0,890,0,0,143,3,1167,1,865,0,0,138,1,1197,0,33,7,11,39,03,33,1,9,6,6,20,02,14,1,8,2,15,23,03,33,1,6,2,11,15,02,20,0,13,6,13,32,02,32,1,4,6,9,20,02,5,0,6,3,12,34,02,36,1,10,8,15,10,02,12,0,14,2,3,31,02,34,1,4,10,10,17,02,12,0,12,3,3,38,02,36,1,8,8,17,16,02,24,0,12,8,2,17,02,42,1,8,5,16,18,02,13,0,23,4,2,20,02,33,0,4,4,12,15,02,12,1,15,0,15,18,02,21,1,4,2,12,19,02,13,1,16,4,17,17,02,37,1,2,9,12,21,02,11
2020020357,2021-03-02,1,0,0,1,0,1,1,2,C,7875,0,1134,1,0,127,2,1263,0,1012,0,0,106,1,1149,0,916,0,0,201,0,1245,0,900,1,2,180,1,1224,0,983,0,0,64,2,1047,0,935,0,0,0,1,975,0,850,0,0,76,3,1032,0,890,0,0,143,3,1167,1,865,0,0,138,1,1197,0,766,0,0,288,2,1125,1,8,2,15,23,03,33,1,6,2,11,15,02,20,0,13,6,13,32,02,32,1,4,6,9,20,02,5,0,6,3,12,34,02,36,1,10,8,15,10,02,12,0,14,2,3,31,02,34,1,4,10,10,17,02,12,0,12,3,3,38,02,36,1,8,8,17,16,02,24,0,12,8,2,17,02,42,1,8,5,16,18,02,13,0,23,4,2,20,02,33,0,4,4,12,15,02,12,1,15,0,15,18,02,21,1,4,2,12,19,02,13,1,16,4,17,17,02,37,1,2,9,12,21,02,11,1,6,3,19,26,02,40,0,9,10,2,17,02,15
2020020334,2021-02-27,0,0,0,1,0,1,1,2,C,7872,0,1012,0,0,106,1,1149,0,916,0,0,201,0,1245,0,900,1,2,180,1,1224,0,983,0,0,64,2,1047,0,935,0,0,0,1,975,0,850,0,0,76,3,1032,0,890,0,0,143,3,1167,1,865,0,0,138,1,1197,0,766,0,0,288,2,1125,2,944,0,0,220,0,1203,0,13,6,13,32,02,32,1,4,6,9,20,02,5,0,6,3,12,34,02,36,1,10,8,15,10,02,12,0,14,2,3,31,02,34,1,4,10,10,17,02,12,0,12,3,3,38,02,36,1,8,8,17,16,02,24,0,12,8,2,17,02,42,1,8,5,16,18,02,13,0,23,4,2,20,02,33,0,4,4,12,15,02,12,1,15,0,15,18,02,21,1,4,2,12,19,02,13,1,16,4,17,17,02,37,1,2,9,12,21,02,11,1,6,3,19,26,02,40,0,9,10,2,17,02,15,1,6,5,17,20,02,33,0,12,3,9,21,02,13
2020020319,2021-02-25,0,0,0,0,1,1,1,1,C,7870,0,916,0,0,201,0,1245,0,900,1,2,180,1,1224,0,983,0,0,64,2,1047,0,935,0,0,0,1,975,0,850,0,0,76,3,1032,0,890,0,0,143,3,1167,1,865,0,0,138,1,1197,0,766,0,0,288,2,1125,2,944,0,0,220,0,1203,1,838,1,0,171,1,1111,0,6,3,12,34,02,36,1,10,8,15,10,02,12,0,14,2,3,31,02,34,1,4,10,10,17,02,12,0,12,3,3,38,02,36,1,8,8,17,16,02,24,0,12,8,2,17,02,42,1,8,5,16,18,02,13,0,23,4,2,20,02,33,0,4,4,12,15,02,12,1,15,0,15,18,02,21,1,4,2,12,19,02,13,1,16,4,17,17,02,37,1,2,9,12,21,02,11,1,6,3,19,26,02,40,0,9,10,2,17,02,15,1,6,5,17,20,02,33,0,12,3,9,21,02,13,1,15,5,14,42,02,38,0,16,2,6,19,02,18
2020020306,2021-02-23,0,0,0,0,1,1,1,0,C,7868,0,900,1,2,180,1,1224,0,983,0,0,64,2,1047,0,935,0,0,0,1,975,0,850,0,0,76,3,1032,0,890,0,0,143,3,1167,1,865,0,0,138,1,1197,0,766,0,0,288,2,1125,2,944,0,0,220,0,1203,1,838,1,0,171,1,1111,0,726,0,0,283,1,1163,0,14,2,3,31,02,34,1,4,10,10,17,02,12,0,12,3,3,38,02,36,1,8,8,17,16,02,24,0,12,8,2,17,02,42,1,8,5,16,18,02,13,0,23,4,2,20,02,33,0,4,4,12,15,02,12,1,15,0,15,18,02,21,1,4,2,12,19,02,13,1,16,4,17,17,02,37,1,2,9,12,21,02,11,1,6,3,19,26,02,40,0,9,10,2,17,02,15,1,6,5,17,20,02,33,0,12,3,9,21,02,13,1,15,5,14,42,02,38,0,16,2,6,19,02,18,0,12,4,8,25,02,32,0,13,4,5,25,02,19
2020020293,2021-02-21,0,0,0,0,1,1,1,1,C,7866,0,983,0,0,64,2,1047,0,935,0,0,0,1,975,0,850,0,0,76,3,1032,0,890,0,0,143,3,1167,1,865,0,0,138,1,1197,0,766,0,0,288,2,1125,2,944,0,0,220,0,1203,1,838,1,0,171,1,1111,0,726,0,0,283,1,1163,1,811,0,0,143,1,1075,0,12,3,3,38,02,36,1,8,8,17,16,02,24,0,12,8,2,17,02,42,1,8,5,16,18,02,13,0,23,4,2,20,02,33,0,4,4,12,15,02,12,1,15,0,15,18,02,21,1,4,2,12,19,02,13,1,16,4,17,17,02,37,1,2,9,12,21,02,11,1,6,3,19,26,02,40,0,9,10,2,17,02,15,1,6,5,17,20,02,33,0,12,3,9,21,02,13,1,15,5,14,42,02,38,0,16,2,6,19,02,18,0,12,4,8,25,02,32,0,13,4,5,25,02,19,1,8,5,13,19,02,35,1,4,4,7,23,02,6
2020020284,2021-02-20,1,0,0,1,0,1,1,2,C,7865,0,935,0,0,0,1,975,0,850,0,0,76,3,1032,0,890,0,0,143,3,1167,1,865,0,0,138,1,1197,0,766,0,0,288,2,1125,2,944,0,0,220,0,1203,1,838,1,0,171,1,1111,0,726,0,0,283,1,1163,1,811,0,0,143,1,1075,0,821,1,2,135,1,1004,0,12,8,2,17,02,42,1,8,5,16,18,02,13,0,23,4,2,20,02,33,0,4,4,12,15,02,12,1,15,0,15,18,02,21,1,4,2,12,19,02,13,1,16,4,17,17,02,37,1,2,9,12,21,02,11,1,6,3,19,26,02,40,0,9,10,2,17,02,15,1,6,5,17,20,02,33,0,12,3,9,21,02,13,1,15,5,14,42,02,38,0,16,2,6,19,02,18,0,12,4,8,25,02,32,0,13,4,5,25,02,19,1,8,5,13,19,02,35,1,4,4,7,23,02,6,1,8,3,18,44,02,38,1,4,5,12,24,02,13
2020020235,2021-02-13,0,0,0,0,1,1,1,1,C,7858,0,850,0,0,76,3,1032,0,890,0,0,143,3,1167,1,865,0,0,138,1,1197,0,766,0,0,288,2,1125,2,944,0,0,220,0,1203,1,838,1,0,171,1,1111,0,726,0,0,283,1,1163,1,811,0,0,143,1,1075,0,821,1,2,135,1,1004,1,617,0,2,414,3,1031,0,23,4,2,20,02,33,0,4,4,12,15,02,12,1,15,0,15,18,02,21,1,4,2,12,19,02,13,1,16,4,17,17,02,37,1,2,9,12,21,02,11,1,6,3,19,26,02,40,0,9,10,2,17,02,15,1,6,5,17,20,02,33,0,12,3,9,21,02,13,1,15,5,14,42,02,38,0,16,2,6,19,02,18,0,12,4,8,25,02,32,0,13,4,5,25,02,19,1,8,5,13,19,02,35,1,4,4,7,23,02,6,1,8,3,18,44,02,38,1,4,5,12,24,02,13,0,2,2,12,46,02,25,0,4,7,14,28,02,15
2020020220,2021-02-11,1,0,1,1,0,0,1,3,C,7856,0,890,0,0,143,3,1167,1,865,0,0,138,1,1197,0,766,0,0,288,2,1125,2,944,0,0,220,0,1203,1,838,1,0,171,1,1111,0,726,0,0,283,1,1163,1,811,0,0,143,1,1075,0,821,1,2,135,1,1004,1,617,0,2,414,3,1031,1,989,0,0,38,4,1101,1,15,0,15,18,02,21,1,4,2,12,19,02,13,1,16,4,17,17,02,37,1,2,9,12,21,02,11,1,6,3,19,26,02,40,0,9,10,2,17,02,15,1,6,5,17,20,02,33,0,12,3,9,21,02,13,1,15,5,14,42,02,38,0,16,2,6,19,02,18,0,12,4,8,25,02,32,0,13,4,5,25,02,19,1,8,5,13,19,02,35,1,4,4,7,23,02,6,1,8,3,18,44,02,38,1,4,5,12,24,02,13,0,2,2,12,46,02,25,0,4,7,14,28,02,15,1,10,5,18,44,02,33,0,2,7,8,30,02,18
2020020213,2021-02-10,1,0,1,1,0,0,1,3,C,7855,1,865,0,0,138,1,1197,0,766,0,0,288,2,1125,2,944,0,0,220,0,1203,1,838,1,0,171,1,1111,0,726,0,0,283,1,1163,1,811,0,0,143,1,1075,0,821,1,2,135,1,1004,1,617,0,2,414,3,1031,1,989,0,0,38,4,1101,1,665,0,2,279,1,1064,1,16,4,17,17,02,37,1,2,9,12,21,02,11,1,6,3,19,26,02,40,0,9,10,2,17,02,15,1,6,5,17,20,02,33,0,12,3,9,21,02,13,1,15,5,14,42,02,38,0,16,2,6,19,02,18,0,12,4,8,25,02,32,0,13,4,5,25,02,19,1,8,5,13,19,02,35,1,4,4,7,23,02,6,1,8,3,18,44,02,38,1,4,5,12,24,02,13,0,2,2,12,46,02,25,0,4,7,14,28,02,15,1,10,5,18,44,02,33,0,2,7,8,30,02,18,0,10,6,10,25,02,32,0,6,2,8,31,02,14
2020020183,2021-02-06,0,0,0,0,1,1,1,1,C,7851,0,766,0,0,288,2,1125,2,944,0,0,220,0,1203,1,838,1,0,171,1,1111,0,726,0,0,283,1,1163,1,811,0,0,143,1,1075,0,821,1,2,135,1,1004,1,617,0,2,414,3,1031,1,989,0,0,38,4,1101,1,665,0,2,279,1,1064,1,785,0,0,107,1,1001,1,6,3,19,26,02,40,0,9,10,2,17,02,15,1,6,5,17,20,02,33,0,12,3,9,21,02,13,1,15,5,14,42,02,38,0,16,2,6,19,02,18,0,12,4,8,25,02,32,0,13,4,5,25,02,19,1,8,5,13,19,02,35,1,4,4,7,23,02,6,1,8,3,18,44,02,38,1,4,5,12,24,02,13,0,2,2,12,46,02,25,0,4,7,14,28,02,15,1,10,5,18,44,02,33,0,2,7,8,30,02,18,0,10,6,10,25,02,32,0,6,2,8,31,02,14,0,13,6,5,34,02,36,0,2,5,13,18,02,11
2020020170,2021-02-04,1,0,0,1,0,1,1,2,C,7849,2,944,0,0,220,0,1203,1,838,1,0,171,1,1111,0,726,0,0,283,1,1163,1,811,0,0,143,1,1075,0,821,1,2,135,1,1004,1,617,0,2,414,3,1031,1,989,0,0,38,4,1101,1,665,0,2,279,1,1064,1,785,0,0,107,1,1001,0,917,1,2,169,6,1118,1,6,5,17,20,02,33,0,12,3,9,21,02,13,1,15,5,14,42,02,38,0,16,2,6,19,02,18,0,12,4,8,25,02,32,0,13,4,5,25,02,19,1,8,5,13,19,02,35,1,4,4,7,23,02,6,1,8,3,18,44,02,38,1,4,5,12,24,02,13,0,2,2,12,46,02,25,0,4,7,14,28,02,15,1,10,5,18,44,02,33,0,2,7,8,30,02,18,0,10,6,10,25,02,32,0,6,2,8,31,02,14,0,13,6,5,34,02,36,0,2,5,13,18,02,11,0,13,3,13,19,02,21,0,0,0,0,0,02,0
2020020155,2021-02-02,1,0,0,0,1,1,1,0,C,7847,1,838,1,0,171,1,1111,0,726,0,0,283,1,1163,1,811,0,0,143,1,1075,0,821,1,2,135,1,1004,1,617,0,2,414,3,1031,1,989,0,0,38,4,1101,1,665,0,2,279,1,1064,1,785,0,0,107,1,1001,0,917,1,2,169,6,1118,0,0,0,0,0,0,0,1,15,5,14,42,02,38,0,16,2,6,19,02,18,0,12,4,8,25,02,32,0,13,4,5,25,02,19,1,8,5,13,19,02,35,1,4,4,7,23,02,6,1,8,3,18,44,02,38,1,4,5,12,24,02,13,0,2,2,12,46,02,25,0,4,7,14,28,02,15,1,10,5,18,44,02,33,0,2,7,8,30,02,18,0,10,6,10,25,02,32,0,6,2,8,31,02,14,0,13,6,5,34,02,36,0,2,5,13,18,02,11,0,13,3,13,19,02,21,0,0,0,0,0,02,0,0,6,1,7,26,02,41,0,0,0,0,0,02,0
2020020147,2021-02-01,1,0,0,0,1,1,1,1,C,7846,0,726,0,0,283,1,1163,1,811,0,0,143,1,1075,0,821,1,2,135,1,1004,1,617,0,2,414,3,1031,1,989,0,0,38,4,1101,1,665,0,2,279,1,1064,1,785,0,0,107,1,1001,0,917,1,2,169,6,1118,0,0,0,0,0,0,0,0,0,0,0,0,0,0,0,12,4,8,25,02,32,0,13,4,5,25,02,19,1,8,5,13,19,02,35,1,4,4,7,23,02,6,1,8,3,18,44,02,38,1,4,5,12,24,02,13,0,2,2,12,46,02,25,0,4,7,14,28,02,15,1,10,5,18,44,02,33,0,2,7,8,30,02,18,0,10,6,10,25,02,32,0,6,2,8,31,02,14,0,13,6,5,34,02,36,0,2,5,13,18,02,11,0,13,3,13,19,02,21,0,0,0,0,0,02,0,0,6,1,7,26,02,41,0,0,0,0,0,02,0,1,6,7,18,37,02,33,0,0,0,0,0,02,0
2020020131,2021-01-30,1,0,0,0,1,1,1,1,C,7844,1,811,0,0,143,1,1075,0,821,1,2,135,1,1004,1,617,0,2,414,3,1031,1,989,0,0,38,4,1101,1,665,0,2,279,1,1064,1,785,0,0,107,1,1001,0,917,1,2,169,6,1118,0,0,0,0,0,0,0,0,0,0,0,0,0,0,0,0,0,0,0,0,0,1,8,5,13,19,02,35,1,4,4,7,23,02,6,1,8,3,18,44,02,38,1,4,5,12,24,02,13,0,2,2,12,46,02,25,0,4,7,14,28,02,15,1,10,5,18,44,02,33,0,2,7,8,30,02,18,0,10,6,10,25,02,32,0,6,2,8,31,02,14,0,13,6,5,34,02,36,0,2,5,13,18,02,11,0,13,3,13,19,02,21,0,0,0,0,0,02,0,0,6,1,7,26,02,41,0,0,0,0,0,02,0,1,6,7,18,37,02,33,0,0,0,0,0,02,0,1,4,8,16,42,02,36,0,0,0,0,0,02,0
2020020115,2021-01-28,1,0,0,0,1,1,1,1,C,7842,0,821,1,2,135,1,1004,1,617,0,2,414,3,1031,1,989,0,0,38,4,1101,1,665,0,2,279,1,1064,1,785,0,0,107,1,1001,0,917,1,2,169,6,1118,0,0,0,0,0,0,0,0,0,0,0,0,0,0,0,0,0,0,0,0,0,0,0,0,0,0,0,0,1,8,3,18,44,02,38,1,4,5,12,24,02,13,0,2,2,12,46,02,25,0,4,7,14,28,02,15,1,10,5,18,44,02,33,0,2,7,8,30,02,18,0,10,6,10,25,02,32,0,6,2,8,31,02,14,0,13,6,5,34,02,36,0,2,5,13,18,02,11,0,13,3,13,19,02,21,0,0,0,0,0,02,0,0,6,1,7,26,02,41,0,0,0,0,0,02,0,1,6,7,18,37,02,33,0,0,0,0,0,02,0,1,4,8,16,42,02,36,0,0,0,0,0,02,0,1,4,4,24,17,02,28,0,0,0,0,0,02,0
2020020080,2021-01-23,0,0,0,0,1,1,1,1,C,7837,1,617,0,2,414,3,1031,1,989,0,0,38,4,1101,1,665,0,2,279,1,1064,1,785,0,0,107,1,1001,0,917,1,2,169,6,1118,0,0,0,0,0,0,0,0,0,0,0,0,0,0,0,0,0,0,0,0,0,0,0,0,0,0,0,0,0,0,0,0,0,0,0,0,2,2,12,46,02,25,0,4,7,14,28,02,15,1,10,5,18,44,02,33,0,2,7,8,30,02,18,0,10,6,10,25,02,32,0,6,2,8,31,02,14,0,13,6,5,34,02,36,0,2,5,13,18,02,11,0,13,3,13,19,02,21,0,0,0,0,0,02,0,0,6,1,7,26,02,41,0,0,0,0,0,02,0,1,6,7,18,37,02,33,0,0,0,0,0,02,0,1,4,8,16,42,02,36,0,0,0,0,0,02,0,1,4,4,24,17,02,28,0,0,0,0,0,02,0,0,6,3,2,24,02,30,0,0,0,0,0,02,0
2020020065,2021-01-21,0,0,1,1,0,0,1,3,C,7835,1,989,0,0,38,4,1101,1,665,0,2,279,1,1064,1,785,0,0,107,1,1001,0,917,1,2,169,6,1118,0,0,0,0,0,0,0,0,0,0,0,0,0,0,0,0,0,0,0,0,0,0,0,0,0,0,0,0,0,0,0,0,0,0,0,0,0,0,0,0,0,0,1,10,5,18,44,02,33,0,2,7,8,30,02,18,0,10,6,10,25,02,32,0,6,2,8,31,02,14,0,13,6,5,34,02,36,0,2,5,13,18,02,11,0,13,3,13,19,02,21,0,0,0,0,0,02,0,0,6,1,7,26,02,41,0,0,0,0,0,02,0,1,6,7,18,37,02,33,0,0,0,0,0,02,0,1,4,8,16,42,02,36,0,0,0,0,0,02,0,1,4,4,24,17,02,28,0,0,0,0,0,02,0,0,6,3,2,24,02,30,0,0,0,0,0,02,0,0,11,3,3,24,02,45,1,0,0,0,0,02,0
2020020057,2021-01-20,0,1,1,1,0,0,0,4,C,7834,1,665,0,2,279,1,1064,1,785,0,0,107,1,1001,0,917,1,2,169,6,1118,0,0,0,0,0,0,0,0,0,0,0,0,0,0,0,0,0,0,0,0,0,0,0,0,0,0,0,0,0,0,0,0,0,0,0,0,0,0,0,0,0,0,0,0,0,0,0,0,0,0,10,6,10,25,02,32,0,6,2,8,31,02,14,0,13,6,5,34,02,36,0,2,5,13,18,02,11,0,13,3,13,19,02,21,0,0,0,0,0,02,0,0,6,1,7,26,02,41,0,0,0,0,0,02,0,1,6,7,18,37,02,33,0,0,0,0,0,02,0,1,4,8,16,42,02,36,0,0,0,0,0,02,0,1,4,4,24,17,02,28,0,0,0,0,0,02,0,0,6,3,2,24,02,30,0,0,0,0,0,02,0,0,11,3,3,24,02,45,1,0,0,0,0,02,0,0,11,4,9,24,02,18,1,0,0,0,0,02,0
2020020043,2021-01-18,0,0,0,0,1,1,1,1,C,7832,1,785,0,0,107,1,1001,0,917,1,2,169,6,1118,0,0,0,0,0,0,0,0,0,0,0,0,0,0,0,0,0,0,0,0,0,0,0,0,0,0,0,0,0,0,0,0,0,0,0,0,0,0,0,0,0,0,0,0,0,0,0,0,0,0,0,0,0,0,0,0,0,13,6,5,34,02,36,0,2,5,13,18,02,11,0,13,3,13,19,02,21,0,0,0,0,0,02,0,0,6,1,7,26,02,41,0,0,0,0,0,02,0,1,6,7,18,37,02,33,0,0,0,0,0,02,0,1,4,8,16,42,02,36,0,0,0,0,0,02,0,1,4,4,24,17,02,28,0,0,0,0,0,02,0,0,6,3,2,24,02,30,0,0,0,0,0,02,0,0,11,3,3,24,02,45,1,0,0,0,0,02,0,0,11,4,9,24,02,18,1,0,0,0,0,02,0,0,6,2,10,23,02,25,1,0,0,0,0,02,0
2020020029,2021-01-16,0,0,0,0,1,1,1,1,C,7830,0,917,1,2,169,6,1118,0,0,0,0,0,0,0,0,0,0,0,0,0,0,0,0,0,0,0,0,0,0,0,0,0,0,0,0,0,0,0,0,0,0,0,0,0,0,0,0,0,0,0,0,0,0,0,0,0,0,0,0,0,0,0,0,0,0,0,0,0,0,0,0,13,3,13,19,02,21,0,0,0,0,0,02,0,0,6,1,7,26,02,41,0,0,0,0,0,02,0,1,6,7,18,37,02,33,0,0,0,0,0,02,0,1,4,8,16,42,02,36,0,0,0,0,0,02,0,1,4,4,24,17,02,28,0,0,0,0,0,02,0,0,6,3,2,24,02,30,0,0,0,0,0,02,0,0,11,3,3,24,02,45,1,0,0,0,0,02,0,0,11,4,9,24,02,18,1,0,0,0,0,02,0,0,6,2,10,23,02,25,1,0,0,0,0,02,0,0,10,10,12,22,02,31,1,0,0,0,0,02,0
2020020003,2021-01-13,0,1,1,1,0,0,0,6,C,7827,0,0,0,0,0,0,0,0,0,0,0,0,0,0,0,0,0,0,0,0,0,0,0,0,0,0,0,0,0,0,0,0,0,0,0,0,0,0,0,0,0,0,0,0,0,0,0,0,0,0,0,0,0,0,0,0,0,0,0,0,0,0,0,0,0,0,0,0,0,0,0,6,1,7,26,02,41,0,0,0,0,0,02,0,1,6,7,18,37,02,33,0,0,0,0,0,02,0,1,4,8,16,42,02,36,0,0,0,0,0,02,0,1,4,4,24,17,02,28,0,0,0,0,0,02,0,0,6,3,2,24,02,30,0,0,0,0,0,02,0,0,11,3,3,24,02,45,1,0,0,0,0,02,0,0,11,4,9,24,02,18,1,0,0,0,0,02,0,0,6,2,10,23,02,25,1,0,0,0,0,02,0,0,10,10,12,22,02,31,1,0,0,0,0,02,0,0,4,7,7,23,02,36,0,0,0,0,0,02,0
2019021071,2020-03-10,1,0,1,1,0,0,1,3,C,7518,0,882,0,0,215,3,1097,0,887,0,0,241,3,1128,0,989,0,0,0,3,997,0,792,0,0,208,4,1022,0,755,0,0,166,4,921,0,818,0,0,61,2,879,0,772,0,0,115,2,887,0,782,0,0,49,0,831,1,752,1,0,207,3,963,1,1027,0,0,0,5,1027,1,8,0,0,0,01,19,1,13,4,11,25,01,13,1,6,5,15,34,01,46,1,6,6,9,26,01,11,0,12,3,4,31,01,34,1,4,6,13,17,01,7,1,10,7,13,43,01,38,0,8,11,17,18,01,14,0,8,6,8,32,01,26,1,8,8,16,10,01,12,1,20,8,18,29,01,34,0,10,5,3,14,01,16,0,6,10,15,31,02,36,0,4,5,11,31,02,10,0,10,5,10,26,02,42,0,4,5,3,13,02,6,0,10,4,13,16,02,27,0,2,10,9,25,02,8,1,4,3,11,32,02,35,0,4,5,5,39,02,11
2019021054,2020-03-07,0,0,1,1,0,0,1,3,C,7515,0,887,0,0,241,3,1128,0,989,0,0,0,3,997,0,792,0,0,208,4,1022,0,755,0,0,166,4,921,0,818,0,0,61,2,879,0,772,0,0,115,2,887,0,782,0,0,49,0,831,1,752,1,0,207,3,963,1,1027,0,0,0,5,1027,1,735,0,0,123,2,873,1,6,5,15,34,01,46,1,6,6,9,26,01,11,0,12,3,4,31,01,34,1,4,6,13,17,01,7,1,10,7,13,43,01,38,0,8,11,17,18,01,14,0,8,6,8,32,01,26,1,8,8,16,10,01,12,1,20,8,18,29,01,34,0,10,5,3,14,01,16,0,6,10,15,31,02,36,0,4,5,11,31,02,10,0,10,5,10,26,02,42,0,4,5,3,13,02,6,0,10,4,13,16,02,27,0,2,10,9,25,02,8,1,4,3,11,32,02,35,0,4,5,5,39,02,11,1,4,9,15,30,02,38,1,6,8,14,29,02,20
2019021034,2020-03-05,0,0,1,1,0,0,1,3,C,7513,0,989,0,0,0,3,997,0,792,0,0,208,4,1022,0,755,0,0,166,4,921,0,818,0,0,61,2,879,0,772,0,0,115,2,887,0,782,0,0,49,0,831,1,752,1,0,207,3,963,1,1027,0,0,0,5,1027,1,735,0,0,123,2,873,0,842,1,0,173,1,1015,0,12,3,4,31,01,34,1,4,6,13,17,01,7,1,10,7,13,43,01,38,0,8,11,17,18,01,14,0,8,6,8,32,01,26,1,8,8,16,10,01,12,1,20,8,18,29,01,34,0,10,5,3,14,01,16,0,6,10,15,31,02,36,0,4,5,11,31,02,10,0,10,5,10,26,02,42,0,4,5,3,13,02,6,0,10,4,13,16,02,27,0,2,10,9,25,02,8,1,4,3,11,32,02,35,0,4,5,5,39,02,11,1,4,9,15,30,02,38,1,6,8,14,29,02,20,1,2,4,13,22,02,34,0,4,12,14,29,02,15
2019021020,2020-03-03,0,0,1,1,0,0,1,3,C,7511,0,792,0,0,208,4,1022,0,755,0,0,166,4,921,0,818,0,0,61,2,879,0,772,0,0,115,2,887,0,782,0,0,49,0,831,1,752,1,0,207,3,963,1,1027,0,0,0,5,1027,1,735,0,0,123,2,873,0,842,1,0,173,1,1015,0,802,0,0,256,2,1103,1,10,7,13,43,01,38,0,8,11,17,18,01,14,0,8,6,8,32,01,26,1,8,8,16,10,01,12,1,20,8,18,29,01,34,0,10,5,3,14,01,16,0,6,10,15,31,02,36,0,4,5,11,31,02,10,0,10,5,10,26,02,42,0,4,5,3,13,02,6,0,10,4,13,16,02,27,0,2,10,9,25,02,8,1,4,3,11,32,02,35,0,4,5,5,39,02,11,1,4,9,15,30,02,38,1,6,8,14,29,02,20,1,2,4,13,22,02,34,0,4,12,14,29,02,15,1,17,6,17,21,02,33,1,4,4,10,23,02,18
2019021004,2020-02-29,1,1,1,1,0,0,0,4,C,7508,0,755,0,0,166,4,921,0,818,0,0,61,2,879,0,772,0,0,115,2,887,0,782,0,0,49,0,831,1,752,1,0,207,3,963,1,1027,0,0,0,5,1027,1,735,0,0,123,2,873,0,842,1,0,173,1,1015,0,802,0,0,256,2,1103,1,1108,0,0,125,1,1233,0,8,6,8,32,01,26,1,8,8,16,10,01,12,1,20,8,18,29,01,34,0,10,5,3,14,01,16,0,6,10,15,31,02,36,0,4,5,11,31,02,10,0,10,5,10,26,02,42,0,4,5,3,13,02,6,0,10,4,13,16,02,27,0,2,10,9,25,02,8,1,4,3,11,32,02,35,0,4,5,5,39,02,11,1,4,9,15,30,02,38,1,6,8,14,29,02,20,1,2,4,13,22,02,34,0,4,12,14,29,02,15,1,17,6,17,21,02,33,1,4,4,10,23,02,18,0,6,9,1,12,02,25,1,4,5,8,19,02,4
2019020985,2020-02-27,1,1,1,1,0,0,0,4,C,7506,0,818,0,0,61,2,879,0,772,0,0,115,2,887,0,782,0,0,49,0,831,1,752,1,0,207,3,963,1,1027,0,0,0,5,1027,1,735,0,0,123,2,873,0,842,1,0,173,1,1015,0,802,0,0,256,2,1103,1,1108,0,0,125,1,1233,0,690,1,0,270,2,960,1,20,8,18,29,01,34,0,10,5,3,14,01,16,0,6,10,15,31,02,36,0,4,5,11,31,02,10,0,10,5,10,26,02,42,0,4,5,3,13,02,6,0,10,4,13,16,02,27,0,2,10,9,25,02,8,1,4,3,11,32,02,35,0,4,5,5,39,02,11,1,4,9,15,30,02,38,1,6,8,14,29,02,20,1,2,4,13,22,02,34,0,4,12,14,29,02,15,1,17,6,17,21,02,33,1,4,4,10,23,02,18,0,6,9,1,12,02,25,1,4,5,8,19,02,4,0,10,3,4,14,02,33,1,2,8,17,23,02,6
2019020969,2020-02-25,1,0,0,1,0,1,1,2,C,7504,0,772,0,0,115,2,887,0,782,0,0,49,0,831,1,752,1,0,207,3,963,1,1027,0,0,0,5,1027,1,735,0,0,123,2,873,0,842,1,0,173,1,1015,0,802,0,0,256,2,1103,1,1108,0,0,125,1,1233,0,690,1,0,270,2,960,0,982,0,0,50,3,1039,0,6,10,15,31,02,36,0,4,5,11,31,02,10,0,10,5,10,26,02,42,0,4,5,3,13,02,6,0,10,4,13,16,02,27,0,2,10,9,25,02,8,1,4,3,11,32,02,35,0,4,5,5,39,02,11,1,4,9,15,30,02,38,1,6,8,14,29,02,20,1,2,4,13,22,02,34,0,4,12,14,29,02,15,1,17,6,17,21,02,33,1,4,4,10,23,02,18,0,6,9,1,12,02,25,1,4,5,8,19,02,4,0,10,3,4,14,02,33,1,2,8,17,23,02,6,1,6,8,11,28,02,37,1,4,11,10,17,02,12
2019020952,2020-02-22,0,0,0,1,0,1,1,2,C,7501,0,782,0,0,49,0,831,1,752,1,0,207,3,963,1,1027,0,0,0,5,1027,1,735,0,0,123,2,873,0,842,1,0,173,1,1015,0,802,0,0,256,2,1103,1,1108,0,0,125,1,1233,0,690,1,0,270,2,960,0,982,0,0,50,3,1039,1,1033,0,0,177,2,1210,0,10,5,10,26,02,42,0,4,5,3,13,02,6,0,10,4,13,16,02,27,0,2,10,9,25,02,8,1,4,3,11,32,02,35,0,4,5,5,39,02,11,1,4,9,15,30,02,38,1,6,8,14,29,02,20,1,2,4,13,22,02,34,0,4,12,14,29,02,15,1,17,6,17,21,02,33,1,4,4,10,23,02,18,0,6,9,1,12,02,25,1,4,5,8,19,02,4,0,10,3,4,14,02,33,1,2,8,17,23,02,6,1,6,8,11,28,02,37,1,4,11,10,17,02,12,1,2,8,19,29,02,38,1,8,4,16,26,02,13
2019020935,2020-02-20,0,0,0,0,1,1,1,0,C,7499,1,752,1,0,207,3,963,1,1027,0,0,0,5,1027,1,735,0,0,123,2,873,0,842,1,0,173,1,1015,0,802,0,0,256,2,1103,1,1108,0,0,125,1,1233,0,690,1,0,270,2,960,0,982,0,0,50,3,1039,1,1033,0,0,177,2,1210,1,974,1,2,116,2,1096,0,10,4,13,16,02,27,0,2,10,9,25,02,8,1,4,3,11,32,02,35,0,4,5,5,39,02,11,1,4,9,15,30,02,38,1,6,8,14,29,02,20,1,2,4,13,22,02,34,0,4,12,14,29,02,15,1,17,6,17,21,02,33,1,4,4,10,23,02,18,0,6,9,1,12,02,25,1,4,5,8,19,02,4,0,10,3,4,14,02,33,1,2,8,17,23,02,6,1,6,8,11,28,02,37,1,4,11,10,17,02,12,1,2,8,19,29,02,38,1,8,4,16,26,02,13,0,6,5,10,38,02,36,1,6,8,12,20,02,14
2019020923,2020-02-18,0,0,1,1,0,0,1,3,C,7497,1,1027,0,0,0,5,1027,1,735,0,0,123,2,873,0,842,1,0,173,1,1015,0,802,0,0,256,2,1103,1,1108,0,0,125,1,1233,0,690,1,0,270,2,960,0,982,0,0,50,3,1039,1,1033,0,0,177,2,1210,1,974,1,2,116,2,1096,2,967,0,0,57,3,1070,1,4,3,11,32,02,35,0,4,5,5,39,02,11,1,4,9,15,30,02,38,1,6,8,14,29,02,20,1,2,4,13,22,02,34,0,4,12,14,29,02,15,1,17,6,17,21,02,33,1,4,4,10,23,02,18,0,6,9,1,12,02,25,1,4,5,8,19,02,4,0,10,3,4,14,02,33,1,2,8,17,23,02,6,1,6,8,11,28,02,37,1,4,11,10,17,02,12,1,2,8,19,29,02,38,1,8,4,16,26,02,13,0,6,5,10,38,02,36,1,6,8,12,20,02,14,0,2,13,4,39,02,29,0,2,4,15,29,02,6
2019020900,2020-02-15,1,1,1,1,0,0,0,5,C,7494,1,735,0,0,123,2,873,0,842,1,0,173,1,1015,0,802,0,0,256,2,1103,1,1108,0,0,125,1,1233,0,690,1,0,270,2,960,0,982,0,0,50,3,1039,1,1033,0,0,177,2,1210,1,974,1,2,116,2,1096,2,967,0,0,57,3,1070,1,810,0,0,178,2,994,1,4,9,15,30,02,38,1,6,8,14,29,02,20,1,2,4,13,22,02,34,0,4,12,14,29,02,15,1,17,6,17,21,02,33,1,4,4,10,23,02,18,0,6,9,1,12,02,25,1,4,5,8,19,02,4,0,10,3,4,14,02,33,1,2,8,17,23,02,6,1,6,8,11,28,02,37,1,4,11,10,17,02,12,1,2,8,19,29,02,38,1,8,4,16,26,02,13,0,6,5,10,38,02,36,1,6,8,12,20,02,14,0,2,13,4,39,02,29,0,2,4,15,29,02,6,0,8,2,14,20,02,36,0,4,11,7,16,02,15
2019020891,2020-02-14,0,0,0,1,0,1,1,2,C,7493,0,842,1,0,173,1,1015,0,802,0,0,256,2,1103,1,1108,0,0,125,1,1233,0,690,1,0,270,2,960,0,982,0,0,50,3,1039,1,1033,0,0,177,2,1210,1,974,1,2,116,2,1096,2,967,0,0,57,3,1070,1,810,0,0,178,2,994,0,926,0,0,63,2,992,1,2,4,13,22,02,34,0,4,12,14,29,02,15,1,17,6,17,21,02,33,1,4,4,10,23,02,18,0,6,9,1,12,02,25,1,4,5,8,19,02,4,0,10,3,4,14,02,33,1,2,8,17,23,02,6,1,6,8,11,28,02,37,1,4,11,10,17,02,12,1,2,8,19,29,02,38,1,8,4,16,26,02,13,0,6,5,10,38,02,36,1,6,8,12,20,02,14,0,2,13,4,39,02,29,0,2,4,15,29,02,6,0,8,2,14,20,02,36,0,4,11,7,16,02,15,1,4,9,24,31,02,31,0,11,10,3,34,02,11
2019020877,2020-02-12,0,0,0,0,1,1,1,1,C,7491,0,802,0,0,256,2,1103,1,1108,0,0,125,1,1233,0,690,1,0,270,2,960,0,982,0,0,50,3,1039,1,1033,0,0,177,2,1210,1,974,1,2,116,2,1096,2,967,0,0,57,3,1070,1,810,0,0,178,2,994,0,926,0,0,63,2,992,0,818,0,0,135,2,953,1,17,6,17,21,02,33,1,4,4,10,23,02,18,0,6,9,1,12,02,25,1,4,5,8,19,02,4,0,10,3,4,14,02,33,1,2,8,17,23,02,6,1,6,8,11,28,02,37,1,4,11,10,17,02,12,1,2,8,19,29,02,38,1,8,4,16,26,02,13,0,6,5,10,38,02,36,1,6,8,12,20,02,14,0,2,13,4,39,02,29,0,2,4,15,29,02,6,0,8,2,14,20,02,36,0,4,11,7,16,02,15,1,4,9,24,31,02,31,0,11,10,3,34,02,11,0,12,4,6,34,02,24,1,6,7,10,29,02,17
2019020860,2020-02-10,1,0,0,1,0,1,1,2,C,7489,1,1108,0,0,125,1,1233,0,690,1,0,270,2,960,0,982,0,0,50,3,1039,1,1033,0,0,177,2,1210,1,974,1,2,116,2,1096,2,967,0,0,57,3,1070,1,810,0,0,178,2,994,0,926,0,0,63,2,992,0,818,0,0,135,2,953,0,824,0,0,191,4,1015,0,6,9,1,12,02,25,1,4,5,8,19,02,4,0,10,3,4,14,02,33,1,2,8,17,23,02,6,1,6,8,11,28,02,37,1,4,11,10,17,02,12,1,2,8,19,29,02,38,1,8,4,16,26,02,13,0,6,5,10,38,02,36,1,6,8,12,20,02,14,0,2,13,4,39,02,29,0,2,4,15,29,02,6,0,8,2,14,20,02,36,0,4,11,7,16,02,15,1,4,9,24,31,02,31,0,11,10,3,34,02,11,0,12,4,6,34,02,24,1,6,7,10,29,02,17,1,6,11,13,22,02,37,1,4,9,11,16,02,12
2019020845,2020-02-08,1,0,0,0,1,1,1,1,C,7487,0,690,1,0,270,2,960,0,982,0,0,50,3,1039,1,1033,0,0,177,2,1210,1,974,1,2,116,2,1096,2,967,0,0,57,3,1070,1,810,0,0,178,2,994,0,926,0,0,63,2,992,0,818,0,0,135,2,953,0,824,0,0,191,4,1015,0,845,0,0,143,0,988,0,10,3,4,14,02,33,1,2,8,17,23,02,6,1,6,8,11,28,02,37,1,4,11,10,17,02,12,1,2,8,19,29,02,38,1,8,4,16,26,02,13,0,6,5,10,38,02,36,1,6,8,12,20,02,14,0,2,13,4,39,02,29,0,2,4,15,29,02,6,0,8,2,14,20,02,36,0,4,11,7,16,02,15,1,4,9,24,31,02,31,0,11,10,3,34,02,11,0,12,4,6,34,02,24,1,6,7,10,29,02,17,1,6,11,13,22,02,37,1,4,9,11,16,02,12,1,6,7,19,21,02,32,1,2,7,15,25,02,8
2019020828,2020-02-06,1,0,0,1,0,1,1,2,C,7485,0,982,0,0,50,3,1039,1,1033,0,0,177,2,1210,1,974,1,2,116,2,1096,2,967,0,0,57,3,1070,1,810,0,0,178,2,994,0,926,0,0,63,2,992,0,818,0,0,135,2,953,0,824,0,0,191,4,1015,0,845,0,0,143,0,988,0,922,1,0,140,1,1064,1,6,8,11,28,02,37,1,4,11,10,17,02,12,1,2,8,19,29,02,38,1,8,4,16,26,02,13,0,6,5,10,38,02,36,1,6,8,12,20,02,14,0,2,13,4,39,02,29,0,2,4,15,29,02,6,0,8,2,14,20,02,36,0,4,11,7,16,02,15,1,4,9,24,31,02,31,0,11,10,3,34,02,11,0,12,4,6,34,02,24,1,6,7,10,29,02,17,1,6,11,13,22,02,37,1,4,9,11,16,02,12,1,6,7,19,21,02,32,1,2,7,15,25,02,8,0,2,6,9,24,02,40,1,6,10,12,21,02,11
2019020815,2020-02-04,0,0,1,1,0,0,1,3,C,7483,1,1033,0,0,177,2,1210,1,974,1,2,116,2,1096,2,967,0,0,57,3,1070,1,810,0,0,178,2,994,0,926,0,0,63,2,992,0,818,0,0,135,2,953,0,824,0,0,191,4,1015,0,845,0,0,143,0,988,0,922,1,0,140,1,1064,0,928,0,0,97,2,1025,1,2,8,19,29,02,38,1,8,4,16,26,02,13,0,6,5,10,38,02,36,1,6,8,12,20,02,14,0,2,13,4,39,02,29,0,2,4,15,29,02,6,0,8,2,14,20,02,36,0,4,11,7,16,02,15,1,4,9,24,31,02,31,0,11,10,3,34,02,11,0,12,4,6,34,02,24,1,6,7,10,29,02,17,1,6,11,13,22,02,37,1,4,9,11,16,02,12,1,6,7,19,21,02,32,1,2,7,15,25,02,8,0,2,6,9,24,02,40,1,6,10,12,21,02,11,1,14,13,17,31,02,34,0,6,11,12,18,02,15
2019020807,2020-02-02,1,0,0,1,0,1,1,2,C,7481,1,974,1,2,116,2,1096,2,967,0,0,57,3,1070,1,810,0,0,178,2,994,0,926,0,0,63,2,992,0,818,0,0,135,2,953,0,824,0,0,191,4,1015,0,845,0,0,143,0,988,0,922,1,0,140,1,1064,0,928,0,0,97,2,1025,1,860,1,0,192,2,1080,0,6,5,10,38,02,36,1,6,8,12,20,02,14,0,2,13,4,39,02,29,0,2,4,15,29,02,6,0,8,2,14,20,02,36,0,4,11,7,16,02,15,1,4,9,24,31,02,31,0,11,10,3,34,02,11,0,12,4,6,34,02,24,1,6,7,10,29,02,17,1,6,11,13,22,02,37,1,4,9,11,16,02,12,1,6,7,19,21,02,32,1,2,7,15,25,02,8,0,2,6,9,24,02,40,1,6,10,12,21,02,11,1,14,13,17,31,02,34,0,6,11,12,18,02,15,0,4,9,9,27,02,32,0,4,10,3,13,02,15
2019020794,2020-02-01,1,0,0,1,0,1,1,2,C,7480,2,967,0,0,57,3,1070,1,810,0,0,178,2,994,0,926,0,0,63,2,992,0,818,0,0,135,2,953,0,824,0,0,191,4,1015,0,845,0,0,143,0,988,0,922,1,0,140,1,1064,0,928,0,0,97,2,1025,1,860,1,0,192,2,1080,0,811,0,0,88,3,899,0,2,13,4,39,02,29,0,2,4,15,29,02,6,0,8,2,14,20,02,36,0,4,11,7,16,02,15,1,4,9,24,31,02,31,0,11,10,3,34,02,11,0,12,4,6,34,02,24,1,6,7,10,29,02,17,1,6,11,13,22,02,37,1,4,9,11,16,02,12,1,6,7,19,21,02,32,1,2,7,15,25,02,8,0,2,6,9,24,02,40,1,6,10,12,21,02,11,1,14,13,17,31,02,34,0,6,11,12,18,02,15,0,4,9,9,27,02,32,0,4,10,3,13,02,15,1,6,15,10,31,02,36,0,8,9,6,10,02,16
2019020782,2020-01-30,0,0,1,1,0,0,1,3,C,7478,1,810,0,0,178,2,994,0,926,0,0,63,2,992,0,818,0,0,135,2,953,0,824,0,0,191,4,1015,0,845,0,0,143,0,988,0,922,1,0,140,1,1064,0,928,0,0,97,2,1025,1,860,1,0,192,2,1080,0,811,0,0,88,3,899,1,940,0,0,221,2,1312,0,8,2,14,20,02,36,0,4,11,7,16,02,15,1,4,9,24,31,02,31,0,11,10,3,34,02,11,0,12,4,6,34,02,24,1,6,7,10,29,02,17,1,6,11,13,22,02,37,1,4,9,11,16,02,12,1,6,7,19,21,02,32,1,2,7,15,25,02,8,0,2,6,9,24,02,40,1,6,10,12,21,02,11,1,14,13,17,31,02,34,0,6,11,12,18,02,15,0,4,9,9,27,02,32,0,4,10,3,13,02,15,1,6,15,10,31,02,36,0,8,9,6,10,02,16,1,6,4,8,19,02,43,0,4,4,20,19,02,14
2019020768,2020-01-27,1,0,0,1,0,1,1,2,C,7475,0,926,0,0,63,2,992,0,818,0,0,135,2,953,0,824,0,0,191,4,1015,0,845,0,0,143,0,988,0,922,1,0,140,1,1064,0,928,0,0,97,2,1025,1,860,1,0,192,2,1080,0,811,0,0,88,3,899,1,940,0,0,221,2,1312,0,1060,0,0,183,2,1243,1,4,9,24,31,02,31,0,11,10,3,34,02,11,0,12,4,6,34,02,24,1,6,7,10,29,02,17,1,6,11,13,22,02,37,1,4,9,11,16,02,12,1,6,7,19,21,02,32,1,2,7,15,25,02,8,0,2,6,9,24,02,40,1,6,10,12,21,02,11,1,14,13,17,31,02,34,0,6,11,12,18,02,15,0,4,9,9,27,02,32,0,4,10,3,13,02,15,1,6,15,10,31,02,36,0,8,9,6,10,02,16,1,6,4,8,19,02,43,0,4,4,20,19,02,14,1,6,11,18,34,02,37,1,10,3,6,19,02,13
2019020748,2020-01-18,1,0,0,1,0,1,1,2,C,7466,0,818,0,0,135,2,953,0,824,0,0,191,4,1015,0,845,0,0,143,0,988,0,922,1,0,140,1,1064,0,928,0,0,97,2,1025,1,860,1,0,192,2,1080,0,811,0,0,88,3,899,1,940,0,0,221,2,1312,0,1060,0,0,183,2,1243,0,985,0,0,186,0,1226,0,12,4,6,34,02,24,1,6,7,10,29,02,17,1,6,11,13,22,02,37,1,4,9,11,16,02,12,1,6,7,19,21,02,32,1,2,7,15,25,02,8,0,2,6,9,24,02,40,1,6,10,12,21,02,11,1,14,13,17,31,02,34,0,6,11,12,18,02,15,0,4,9,9,27,02,32,0,4,10,3,13,02,15,1,6,15,10,31,02,36,0,8,9,6,10,02,16,1,6,4,8,19,02,43,0,4,4,20,19,02,14,1,6,11,18,34,02,37,1,10,3,6,19,02,13,1,6,6,13,38,02,48,0,34,9,10,25,02,17
2019020731,2020-01-16,0,0,0,1,0,1,1,2,C,7464,0,824,0,0,191,4,1015,0,845,0,0,143,0,988,0,922,1,0,140,1,1064,0,928,0,0,97,2,1025,1,860,1,0,192,2,1080,0,811,0,0,88,3,899,1,940,0,0,221,2,1312,0,1060,0,0,183,2,1243,0,985,0,0,186,0,1226,3,883,0,0,175,1,1188,1,6,11,13,22,02,37,1,4,9,11,16,02,12,1,6,7,19,21,02,32,1,2,7,15,25,02,8,0,2,6,9,24,02,40,1,6,10,12,21,02,11,1,14,13,17,31,02,34,0,6,11,12,18,02,15,0,4,9,9,27,02,32,0,4,10,3,13,02,15,1,6,15,10,31,02,36,0,8,9,6,10,02,16,1,6,4,8,19,02,43,0,4,4,20,19,02,14,1,6,11,18,34,02,37,1,10,3,6,19,02,13,1,6,6,13,38,02,48,0,34,9,10,25,02,17,1,4,2,18,35,02,42,0,11,9,9,19,02,9
2019020725,2020-01-15,1,1,1,1,0,0,0,4,C,7463,0,845,0,0,143,0,988,0,922,1,0,140,1,1064,0,928,0,0,97,2,1025,1,860,1,0,192,2,1080,0,811,0,0,88,3,899,1,940,0,0,221,2,1312,0,1060,0,0,183,2,1243,0,985,0,0,186,0,1226,3,883,0,0,175,1,1188,1,769,0,0,149,1,994,1,6,7,19,21,02,32,1,2,7,15,25,02,8,0,2,6,9,24,02,40,1,6,10,12,21,02,11,1,14,13,17,31,02,34,0,6,11,12,18,02,15,0,4,9,9,27,02,32,0,4,10,3,13,02,15,1,6,15,10,31,02,36,0,8,9,6,10,02,16,1,6,4,8,19,02,43,0,4,4,20,19,02,14,1,6,11,18,34,02,37,1,10,3,6,19,02,13,1,6,6,13,38,02,48,0,34,9,10,25,02,17,1,4,2,18,35,02,42,0,11,9,9,19,02,9,0,8,15,7,28,02,29,0,0,3,9,21,02,16
2019020709,2020-01-13,1,0,0,0,1,1,1,0,C,7461,0,922,1,0,140,1,1064,0,928,0,0,97,2,1025,1,860,1,0,192,2,1080,0,811,0,0,88,3,899,1,940,0,0,221,2,1312,0,1060,0,0,183,2,1243,0,985,0,0,186,0,1226,3,883,0,0,175,1,1188,1,769,0,0,149,1,994,2,887,0,0,80,2,1051,0,2,6,9,24,02,40,1,6,10,12,21,02,11,1,14,13,17,31,02,34,0,6,11,12,18,02,15,0,4,9,9,27,02,32,0,4,10,3,13,02,15,1,6,15,10,31,02,36,0,8,9,6,10,02,16,1,6,4,8,19,02,43,0,4,4,20,19,02,14,1,6,11,18,34,02,37,1,10,3,6,19,02,13,1,6,6,13,38,02,48,0,34,9,10,25,02,17,1,4,2,18,35,02,42,0,11,9,9,19,02,9,0,8,15,7,28,02,29,0,0,3,9,21,02,16,1,8,10,11,20,02,40,1,13,6,15,20,02,13
2019020693,2020-01-11,0,0,0,0,1,1,1,1,C,7459,0,928,0,0,97,2,1025,1,860,1,0,192,2,1080,0,811,0,0,88,3,899,1,940,0,0,221,2,1312,0,1060,0,0,183,2,1243,0,985,0,0,186,0,1226,3,883,0,0,175,1,1188,1,769,0,0,149,1,994,2,887,0,0,80,2,1051,1,858,0,0,27,2,913,1,14,13,17,31,02,34,0,6,11,12,18,02,15,0,4,9,9,27,02,32,0,4,10,3,13,02,15,1,6,15,10,31,02,36,0,8,9,6,10,02,16,1,6,4,8,19,02,43,0,4,4,20,19,02,14,1,6,11,18,34,02,37,1,10,3,6,19,02,13,1,6,6,13,38,02,48,0,34,9,10,25,02,17,1,4,2,18,35,02,42,0,11,9,9,19,02,9,0,8,15,7,28,02,29,0,0,3,9,21,02,16,1,8,10,11,20,02,40,1,13,6,15,20,02,13,1,6,7,16,38,02,40,0,12,10,9,19,02,13
2019020679,2020-01-09,1,0,0,1,0,1,1,2,C,7457,1,860,1,0,192,2,1080,0,811,0,0,88,3,899,1,940,0,0,221,2,1312,0,1060,0,0,183,2,1243,0,985,0,0,186,0,1226,3,883,0,0,175,1,1188,1,769,0,0,149,1,994,2,887,0,0,80,2,1051,1,858,0,0,27,2,913,0,925,1,0,123,6,1048,0,4,9,9,27,02,32,0,4,10,3,13,02,15,1,6,15,10,31,02,36,0,8,9,6,10,02,16,1,6,4,8,19,02,43,0,4,4,20,19,02,14,1,6,11,18,34,02,37,1,10,3,6,19,02,13,1,6,6,13,38,02,48,0,34,9,10,25,02,17,1,4,2,18,35,02,42,0,11,9,9,19,02,9,0,8,15,7,28,02,29,0,0,3,9,21,02,16,1,8,10,11,20,02,40,1,13,6,15,20,02,13,1,6,7,16,38,02,40,0,12,10,9,19,02,13,0,4,8,10,25,02,33,1,9,5,13,17,02,14
2019020669,2020-01-07,0,0,0,1,0,1,1,2,C,7455,0,811,0,0,88,3,899,1,940,0,0,221,2,1312,0,1060,0,0,183,2,1243,0,985,0,0,186,0,1226,3,883,0,0,175,1,1188,1,769,0,0,149,1,994,2,887,0,0,80,2,1051,1,858,0,0,27,2,913,0,925,1,0,123,6,1048,0,803,0,0,54,3,895,1,6,15,10,31,02,36,0,8,9,6,10,02,16,1,6,4,8,19,02,43,0,4,4,20,19,02,14,1,6,11,18,34,02,37,1,10,3,6,19,02,13,1,6,6,13,38,02,48,0,34,9,10,25,02,17,1,4,2,18,35,02,42,0,11,9,9,19,02,9,0,8,15,7,28,02,29,0,0,3,9,21,02,16,1,8,10,11,20,02,40,1,13,6,15,20,02,13,1,6,7,16,38,02,40,0,12,10,9,19,02,13,0,4,8,10,25,02,33,1,9,5,13,17,02,14,0,2,9,6,67,02,26,1,16,7,12,16,02,14
2019020660,2020-01-06,1,0,1,1,0,0,1,3,C,7454,1,940,0,0,221,2,1312,0,1060,0,0,183,2,1243,0,985,0,0,186,0,1226,3,883,0,0,175,1,1188,1,769,0,0,149,1,994,2,887,0,0,80,2,1051,1,858,0,0,27,2,913,0,925,1,0,123,6,1048,0,803,0,0,54,3,895,0,834,0,0,67,2,954,1,6,4,8,19,02,43,0,4,4,20,19,02,14,1,6,11,18,34,02,37,1,10,3,6,19,02,13,1,6,6,13,38,02,48,0,34,9,10,25,02,17,1,4,2,18,35,02,42,0,11,9,9,19,02,9,0,8,15,7,28,02,29,0,0,3,9,21,02,16,1,8,10,11,20,02,40,1,13,6,15,20,02,13,1,6,7,16,38,02,40,0,12,10,9,19,02,13,0,4,8,10,25,02,33,1,9,5,13,17,02,14,0,2,9,6,67,02,26,1,16,7,12,16,02,14,1,14,7,21,32,02,29,0,8,6,11,30,02,8
2019020647,2020-01-04,1,0,0,1,0,1,1,2,C,7452,0,1060,0,0,183,2,1243,0,985,0,0,186,0,1226,3,883,0,0,175,1,1188,1,769,0,0,149,1,994,2,887,0,0,80,2,1051,1,858,0,0,27,2,913,0,925,1,0,123,6,1048,0,803,0,0,54,3,895,0,834,0,0,67,2,954,0,727,0,0,115,1,899,1,6,11,18,34,02,37,1,10,3,6,19,02,13,1,6,6,13,38,02,48,0,34,9,10,25,02,17,1,4,2,18,35,02,42,0,11,9,9,19,02,9,0,8,15,7,28,02,29,0,0,3,9,21,02,16,1,8,10,11,20,02,40,1,13,6,15,20,02,13,1,6,7,16,38,02,40,0,12,10,9,19,02,13,0,4,8,10,25,02,33,1,9,5,13,17,02,14,0,2,9,6,67,02,26,1,16,7,12,16,02,14,1,14,7,21,32,02,29,0,8,6,11,30,02,8,1,12,7,9,26,02,43,1,4,6,9,12,02,4
2019020629,2020-01-02,1,0,0,1,0,1,1,2,C,7450,0,985,0,0,186,0,1226,3,883,0,0,175,1,1188,1,769,0,0,149,1,994,2,887,0,0,80,2,1051,1,858,0,0,27,2,913,0,925,1,0,123,6,1048,0,803,0,0,54,3,895,0,834,0,0,67,2,954,0,727,0,0,115,1,899,0,918,0,0,47,1,990,1,6,6,13,38,02,48,0,34,9,10,25,02,17,1,4,2,18,35,02,42,0,11,9,9,19,02,9,0,8,15,7,28,02,29,0,0,3,9,21,02,16,1,8,10,11,20,02,40,1,13,6,15,20,02,13,1,6,7,16,38,02,40,0,12,10,9,19,02,13,0,4,8,10,25,02,33,1,9,5,13,17,02,14,0,2,9,6,67,02,26,1,16,7,12,16,02,14,1,14,7,21,32,02,29,0,8,6,11,30,02,8,1,12,7,9,26,02,43,1,4,6,9,12,02,4,0,8,8,6,19,02,30,1,4,7,11,20,02,18
2019020618,2019-12-31,0,0,0,0,1,1,1,0,C,7448,3,883,0,0,175,1,1188,1,769,0,0,149,1,994,2,887,0,0,80,2,1051,1,858,0,0,27,2,913,0,925,1,0,123,6,1048,0,803,0,0,54,3,895,0,834,0,0,67,2,954,0,727,0,0,115,1,899,0,918,0,0,47,1,990,1,835,0,0,48,0,883,1,4,2,18,35,02,42,0,11,9,9,19,02,9,0,8,15,7,28,02,29,0,0,3,9,21,02,16,1,8,10,11,20,02,40,1,13,6,15,20,02,13,1,6,7,16,38,02,40,0,12,10,9,19,02,13,0,4,8,10,25,02,33,1,9,5,13,17,02,14,0,2,9,6,67,02,26,1,16,7,12,16,02,14,1,14,7,21,32,02,29,0,8,6,11,30,02,8,1,12,7,9,26,02,43,1,4,6,9,12,02,4,0,8,8,6,19,02,30,1,4,7,11,20,02,18,0,4,7,14,21,02,43,1,4,7,12,29,02,9
2019020608,2019-12-29,0,0,0,0,1,1,1,1,C,7446,1,769,0,0,149,1,994,2,887,0,0,80,2,1051,1,858,0,0,27,2,913,0,925,1,0,123,6,1048,0,803,0,0,54,3,895,0,834,0,0,67,2,954,0,727,0,0,115,1,899,0,918,0,0,47,1,990,1,835,0,0,48,0,883,0,821,0,0,97,1,918,0,8,15,7,28,02,29,0,0,3,9,21,02,16,1,8,10,11,20,02,40,1,13,6,15,20,02,13,1,6,7,16,38,02,40,0,12,10,9,19,02,13,0,4,8,10,25,02,33,1,9,5,13,17,02,14,0,2,9,6,67,02,26,1,16,7,12,16,02,14,1,14,7,21,32,02,29,0,8,6,11,30,02,8,1,12,7,9,26,02,43,1,4,6,9,12,02,4,0,8,8,6,19,02,30,1,4,7,11,20,02,18,0,4,7,14,21,02,43,1,4,7,12,29,02,9,0,15,6,5,24,02,26,0,13,3,3,15,02,14
2019020594,2019-12-28,0,0,0,0,1,1,1,1,C,7445,2,887,0,0,80,2,1051,1,858,0,0,27,2,913,0,925,1,0,123,6,1048,0,803,0,0,54,3,895,0,834,0,0,67,2,954,0,727,0,0,115,1,899,0,918,0,0,47,1,990,1,835,0,0,48,0,883,0,821,0,0,97,1,918,1,916,0,0,0,4,916,1,8,10,11,20,02,40,1,13,6,15,20,02,13,1,6,7,16,38,02,40,0,12,10,9,19,02,13,0,4,8,10,25,02,33,1,9,5,13,17,02,14,0,2,9,6,67,02,26,1,16,7,12,16,02,14,1,14,7,21,32,02,29,0,8,6,11,30,02,8,1,12,7,9,26,02,43,1,4,6,9,12,02,4,0,8,8,6,19,02,30,1,4,7,11,20,02,18,0,4,7,14,21,02,43,1,4,7,12,29,02,9,0,15,6,5,24,02,26,0,13,3,3,15,02,14,0,6,3,7,23,02,48,1,6,6,14,23,02,10
2019020577,2019-12-23,0,0,0,1,0,1,1,2,C,7440,1,858,0,0,27,2,913,0,925,1,0,123,6,1048,0,803,0,0,54,3,895,0,834,0,0,67,2,954,0,727,0,0,115,1,899,0,918,0,0,47,1,990,1,835,0,0,48,0,883,0,821,0,0,97,1,918,1,916,0,0,0,4,916,0,854,0,0,68,1,922,1,6,7,16,38,02,40,0,12,10,9,19,02,13,0,4,8,10,25,02,33,1,9,5,13,17,02,14,0,2,9,6,67,02,26,1,16,7,12,16,02,14,1,14,7,21,32,02,29,0,8,6,11,30,02,8,1,12,7,9,26,02,43,1,4,6,9,12,02,4,0,8,8,6,19,02,30,1,4,7,11,20,02,18,0,4,7,14,21,02,43,1,4,7,12,29,02,9,0,15,6,5,24,02,26,0,13,3,3,15,02,14,0,6,3,7,23,02,48,1,6,6,14,23,02,10,0,2,4,5,15,02,43,0,4,4,3,21,02,13
2019020561,2019-12-21,0,0,0,1,0,1,1,2,C,7438,0,925,1,0,123,6,1048,0,803,0,0,54,3,895,0,834,0,0,67,2,954,0,727,0,0,115,1,899,0,918,0,0,47,1,990,1,835,0,0,48,0,883,0,821,0,0,97,1,918,1,916,0,0,0,4,916,0,854,0,0,68,1,922,1,782,0,0,68,3,850,0,4,8,10,25,02,33,1,9,5,13,17,02,14,0,2,9,6,67,02,26,1,16,7,12,16,02,14,1,14,7,21,32,02,29,0,8,6,11,30,02,8,1,12,7,9,26,02,43,1,4,6,9,12,02,4,0,8,8,6,19,02,30,1,4,7,11,20,02,18,0,4,7,14,21,02,43,1,4,7,12,29,02,9,0,15,6,5,24,02,26,0,13,3,3,15,02,14,0,6,3,7,23,02,48,1,6,6,14,23,02,10,0,2,4,5,15,02,43,0,4,4,3,21,02,13,0,10,7,7,24,02,43,0,10,4,4,31,02,21
2019020545,2019-12-19,0,1,1,1,0,0,0,6,C,7436,0,803,0,0,54,3,895,0,834,0,0,67,2,954,0,727,0,0,115,1,899,0,918,0,0,47,1,990,1,835,0,0,48,0,883,0,821,0,0,97,1,918,1,916,0,0,0,4,916,0,854,0,0,68,1,922,1,782,0,0,68,3,850,0,795,0,0,143,1,983,0,2,9,6,67,02,26,1,16,7,12,16,02,14,1,14,7,21,32,02,29,0,8,6,11,30,02,8,1,12,7,9,26,02,43,1,4,6,9,12,02,4,0,8,8,6,19,02,30,1,4,7,11,20,02,18,0,4,7,14,21,02,43,1,4,7,12,29,02,9,0,15,6,5,24,02,26,0,13,3,3,15,02,14,0,6,3,7,23,02,48,1,6,6,14,23,02,10,0,2,4,5,15,02,43,0,4,4,3,21,02,13,0,10,7,7,24,02,43,0,10,4,4,31,02,21,0,4,7,10,29,02,30,1,8,5,16,24,02,12
2019020532,2019-12-17,0,0,1,1,0,0,1,3,C,7434,0,834,0,0,67,2,954,0,727,0,0,115,1,899,0,918,0,0,47,1,990,1,835,0,0,48,0,883,0,821,0,0,97,1,918,1,916,0,0,0,4,916,0,854,0,0,68,1,922,1,782,0,0,68,3,850,0,795,0,0,143,1,983,0,825,0,0,124,2,949,1,14,7,21,32,02,29,0,8,6,11,30,02,8,1,12,7,9,26,02,43,1,4,6,9,12,02,4,0,8,8,6,19,02,30,1,4,7,11,20,02,18,0,4,7,14,21,02,43,1,4,7,12,29,02,9,0,15,6,5,24,02,26,0,13,3,3,15,02,14,0,6,3,7,23,02,48,1,6,6,14,23,02,10,0,2,4,5,15,02,43,0,4,4,3,21,02,13,0,10,7,7,24,02,43,0,10,4,4,31,02,21,0,4,7,10,29,02,30,1,8,5,16,24,02,12,1,9,6,15,28,02,39,0,12,8,2,15,02,14
2019020506,2019-12-14,1,0,0,1,0,1,1,2,C,7431,0,727,0,0,115,1,899,0,918,0,0,47,1,990,1,835,0,0,48,0,883,0,821,0,0,97,1,918,1,916,0,0,0,4,916,0,854,0,0,68,1,922,1,782,0,0,68,3,850,0,795,0,0,143,1,983,0,825,0,0,124,2,949,2,596,0,0,240,3,883,1,12,7,9,26,02,43,1,4,6,9,12,02,4,0,8,8,6,19,02,30,1,4,7,11,20,02,18,0,4,7,14,21,02,43,1,4,7,12,29,02,9,0,15,6,5,24,02,26,0,13,3,3,15,02,14,0,6,3,7,23,02,48,1,6,6,14,23,02,10,0,2,4,5,15,02,43,0,4,4,3,21,02,13,0,10,7,7,24,02,43,0,10,4,4,31,02,21,0,4,7,10,29,02,30,1,8,5,16,24,02,12,1,9,6,15,28,02,39,0,12,8,2,15,02,14,1,15,10,15,35,02,28,0,6,11,11,25,02,9
2019020485,2019-12-11,1,0,0,0,1,1,1,1,C,7428,0,918,0,0,47,1,990,1,835,0,0,48,0,883,0,821,0,0,97,1,918,1,916,0,0,0,4,916,0,854,0,0,68,1,922,1,782,0,0,68,3,850,0,795,0,0,143,1,983,0,825,0,0,124,2,949,2,596,0,0,240,3,883,0,981,1,0,44,1,1032,0,8,8,6,19,02,30,1,4,7,11,20,02,18,0,4,7,14,21,02,43,1,4,7,12,29,02,9,0,15,6,5,24,02,26,0,13,3,3,15,02,14,0,6,3,7,23,02,48,1,6,6,14,23,02,10,0,2,4,5,15,02,43,0,4,4,3,21,02,13,0,10,7,7,24,02,43,0,10,4,4,31,02,21,0,4,7,10,29,02,30,1,8,5,16,24,02,12,1,9,6,15,28,02,39,0,12,8,2,15,02,14,1,15,10,15,35,02,28,0,6,11,11,25,02,9,1,2,6,13,42,02,31,0,8,4,7,33,02,7
2019020474,2019-12-10,0,0,0,0,1,1,1,1,C,7427,1,835,0,0,48,0,883,0,821,0,0,97,1,918,1,916,0,0,0,4,916,0,854,0,0,68,1,922,1,782,0,0,68,3,850,0,795,0,0,143,1,983,0,825,0,0,124,2,949,2,596,0,0,240,3,883,0,981,1,0,44,1,1032,0,890,0,0,74,4,964,0,4,7,14,21,02,43,1,4,7,12,29,02,9,0,15,6,5,24,02,26,0,13,3,3,15,02,14,0,6,3,7,23,02,48,1,6,6,14,23,02,10,0,2,4,5,15,02,43,0,4,4,3,21,02,13,0,10,7,7,24,02,43,0,10,4,4,31,02,21,0,4,7,10,29,02,30,1,8,5,16,24,02,12,1,9,6,15,28,02,39,0,12,8,2,15,02,14,1,15,10,15,35,02,28,0,6,11,11,25,02,9,1,2,6,13,42,02,31,0,8,4,7,33,02,7,0,8,3,7,23,02,26,1,2,8,16,30,02,13
2019020448,2019-12-06,0,0,0,0,1,1,1,0,C,7423,0,821,0,0,97,1,918,1,916,0,0,0,4,916,0,854,0,0,68,1,922,1,782,0,0,68,3,850,0,795,0,0,143,1,983,0,825,0,0,124,2,949,2,596,0,0,240,3,883,0,981,1,0,44,1,1032,0,890,0,0,74,4,964,0,954,1,0,130,3,1084,0,15,6,5,24,02,26,0,13,3,3,15,02,14,0,6,3,7,23,02,48,1,6,6,14,23,02,10,0,2,4,5,15,02,43,0,4,4,3,21,02,13,0,10,7,7,24,02,43,0,10,4,4,31,02,21,0,4,7,10,29,02,30,1,8,5,16,24,02,12,1,9,6,15,28,02,39,0,12,8,2,15,02,14,1,15,10,15,35,02,28,0,6,11,11,25,02,9,1,2,6,13,42,02,31,0,8,4,7,33,02,7,0,8,3,7,23,02,26,1,2,8,16,30,02,13,1,4,5,13,23,02,37,1,8,6,10,10,02,14
2019020439,2019-12-05,1,0,0,0,1,1,1,1,C,7422,1,916,0,0,0,4,916,0,854,0,0,68,1,922,1,782,0,0,68,3,850,0,795,0,0,143,1,983,0,825,0,0,124,2,949,2,596,0,0,240,3,883,0,981,1,0,44,1,1032,0,890,0,0,74,4,964,0,954,1,0,130,3,1084,0,753,1,0,60,2,842,0,6,3,7,23,02,48,1,6,6,14,23,02,10,0,2,4,5,15,02,43,0,4,4,3,21,02,13,0,10,7,7,24,02,43,0,10,4,4,31,02,21,0,4,7,10,29,02,30,1,8,5,16,24,02,12,1,9,6,15,28,02,39,0,12,8,2,15,02,14,1,15,10,15,35,02,28,0,6,11,11,25,02,9,1,2,6,13,42,02,31,0,8,4,7,33,02,7,0,8,3,7,23,02,26,1,2,8,16,30,02,13,1,4,5,13,23,02,37,1,8,6,10,10,02,14,0,10,4,10,27,02,25,1,2,2,12,29,02,14
2019020425,2019-12-03,1,1,1,1,0,0,0,4,C,7420,0,854,0,0,68,1,922,1,782,0,0,68,3,850,0,795,0,0,143,1,983,0,825,0,0,124,2,949,2,596,0,0,240,3,883,0,981,1,0,44,1,1032,0,890,0,0,74,4,964,0,954,1,0,130,3,1084,0,753,1,0,60,2,842,1,646,0,0,127,0,773,0,2,4,5,15,02,43,0,4,4,3,21,02,13,0,10,7,7,24,02,43,0,10,4,4,31,02,21,0,4,7,10,29,02,30,1,8,5,16,24,02,12,1,9,6,15,28,02,39,0,12,8,2,15,02,14,1,15,10,15,35,02,28,0,6,11,11,25,02,9,1,2,6,13,42,02,31,0,8,4,7,33,02,7,0,8,3,7,23,02,26,1,2,8,16,30,02,13,1,4,5,13,23,02,37,1,8,6,10,10,02,14,0,10,4,10,27,02,25,1,2,2,12,29,02,14,1,4,3,22,15,02,37,0,6,10,7,47,02,15
2019020417,2019-12-01,0,0,0,0,1,1,1,1,C,7418,1,782,0,0,68,3,850,0,795,0,0,143,1,983,0,825,0,0,124,2,949,2,596,0,0,240,3,883,0,981,1,0,44,1,1032,0,890,0,0,74,4,964,0,954,1,0,130,3,1084,0,753,1,0,60,2,842,1,646,0,0,127,0,773,0,629,0,2,191,1,820,0,10,7,7,24,02,43,0,10,4,4,31,02,21,0,4,7,10,29,02,30,1,8,5,16,24,02,12,1,9,6,15,28,02,39,0,12,8,2,15,02,14,1,15,10,15,35,02,28,0,6,11,11,25,02,9,1,2,6,13,42,02,31,0,8,4,7,33,02,7,0,8,3,7,23,02,26,1,2,8,16,30,02,13,1,4,5,13,23,02,37,1,8,6,10,10,02,14,0,10,4,10,27,02,25,1,2,2,12,29,02,14,1,4,3,22,15,02,37,0,6,10,7,47,02,15,1,6,3,24,36,02,33,0,21,6,16,26,02,8
2019020404,2019-11-30,1,0,1,1,0,0,1,3,C,7417,0,795,0,0,143,1,983,0,825,0,0,124,2,949,2,596,0,0,240,3,883,0,981,1,0,44,1,1032,0,890,0,0,74,4,964,0,954,1,0,130,3,1084,0,753,1,0,60,2,842,1,646,0,0,127,0,773,0,629,0,2,191,1,820,0,559,0,0,0,1,559,0,4,7,10,29,02,30,1,8,5,16,24,02,12,1,9,6,15,28,02,39,0,12,8,2,15,02,14,1,15,10,15,35,02,28,0,6,11,11,25,02,9,1,2,6,13,42,02,31,0,8,4,7,33,02,7,0,8,3,7,23,02,26,1,2,8,16,30,02,13,1,4,5,13,23,02,37,1,8,6,10,10,02,14,0,10,4,10,27,02,25,1,2,2,12,29,02,14,1,4,3,22,15,02,37,0,6,10,7,47,02,15,1,6,3,24,36,02,33,0,21,6,16,26,02,8,0,23,8,12,18,02,40,0,2,8,7,24,02,14
2019020390,2019-11-28,1,0,0,0,1,1,1,1,C,7415,0,825,0,0,124,2,949,2,596,0,0,240,3,883,0,981,1,0,44,1,1032,0,890,0,0,74,4,964,0,954,1,0,130,3,1084,0,753,1,0,60,2,842,1,646,0,0,127,0,773,0,629,0,2,191,1,820,0,559,0,0,0,1,559,0,686,0,0,106,1,792,1,9,6,15,28,02,39,0,12,8,2,15,02,14,1,15,10,15,35,02,28,0,6,11,11,25,02,9,1,2,6,13,42,02,31,0,8,4,7,33,02,7,0,8,3,7,23,02,26,1,2,8,16,30,02,13,1,4,5,13,23,02,37,1,8,6,10,10,02,14,0,10,4,10,27,02,25,1,2,2,12,29,02,14,1,4,3,22,15,02,37,0,6,10,7,47,02,15,1,6,3,24,36,02,33,0,21,6,16,26,02,8,0,23,8,12,18,02,40,0,2,8,7,24,02,14,1,4,9,28,23,02,32,1,35,5,10,21,02,7
2019020374,2019-11-26,1,0,0,1,0,1,1,2,C,7413,2,596,0,0,240,3,883,0,981,1,0,44,1,1032,0,890,0,0,74,4,964,0,954,1,0,130,3,1084,0,753,1,0,60,2,842,1,646,0,0,127,0,773,0,629,0,2,191,1,820,0,559,0,0,0,1,559,0,686,0,0,106,1,792,1,624,0,0,254,0,878,1,15,10,15,35,02,28,0,6,11,11,25,02,9,1,2,6,13,42,02,31,0,8,4,7,33,02,7,0,8,3,7,23,02,26,1,2,8,16,30,02,13,1,4,5,13,23,02,37,1,8,6,10,10,02,14,0,10,4,10,27,02,25,1,2,2,12,29,02,14,1,4,3,22,15,02,37,0,6,10,7,47,02,15,1,6,3,24,36,02,33,0,21,6,16,26,02,8,0,23,8,12,18,02,40,0,2,8,7,24,02,14,1,4,9,28,23,02,32,1,35,5,10,21,02,7,1,6,7,17,23,02,33,1,6,9,23,14,02,12
2019020352,2019-11-23,1,0,1,1,0,0,1,3,C,7410,0,981,1,0,44,1,1032,0,890,0,0,74,4,964,0,954,1,0,130,3,1084,0,753,1,0,60,2,842,1,646,0,0,127,0,773,0,629,0,2,191,1,820,0,559,0,0,0,1,559,0,686,0,0,106,1,792,1,624,0,0,254,0,878,0,608,0,0,190,1,798,1,2,6,13,42,02,31,0,8,4,7,33,02,7,0,8,3,7,23,02,26,1,2,8,16,30,02,13,1,4,5,13,23,02,37,1,8,6,10,10,02,14,0,10,4,10,27,02,25,1,2,2,12,29,02,14,1,4,3,22,15,02,37,0,6,10,7,47,02,15,1,6,3,24,36,02,33,0,21,6,16,26,02,8,0,23,8,12,18,02,40,0,2,8,7,24,02,14,1,4,9,28,23,02,32,1,35,5,10,21,02,7,1,6,7,17,23,02,33,1,6,9,23,14,02,12,0,6,4,8,20,02,30,1,4,8,19,25,02,11
2019020331,2019-11-20,1,0,0,0,1,1,1,1,C,7407,0,890,0,0,74,4,964,0,954,1,0,130,3,1084,0,753,1,0,60,2,842,1,646,0,0,127,0,773,0,629,0,2,191,1,820,0,559,0,0,0,1,559,0,686,0,0,106,1,792,1,624,0,0,254,0,878,0,608,0,0,190,1,798,1,767,0,0,108,2,875,0,8,3,7,23,02,26,1,2,8,16,30,02,13,1,4,5,13,23,02,37,1,8,6,10,10,02,14,0,10,4,10,27,02,25,1,2,2,12,29,02,14,1,4,3,22,15,02,37,0,6,10,7,47,02,15,1,6,3,24,36,02,33,0,21,6,16,26,02,8,0,23,8,12,18,02,40,0,2,8,7,24,02,14,1,4,9,28,23,02,32,1,35,5,10,21,02,7,1,6,7,17,23,02,33,1,6,9,23,14,02,12,0,6,4,8,20,02,30,1,4,8,19,25,02,11,1,12,9,6,22,02,35,0,6,5,3,13,02,10
2019020322,2019-11-19,0,1,1,1,0,0,0,4,C,7406,0,954,1,0,130,3,1084,0,753,1,0,60,2,842,1,646,0,0,127,0,773,0,629,0,2,191,1,820,0,559,0,0,0,1,559,0,686,0,0,106,1,792,1,624,0,0,254,0,878,0,608,0,0,190,1,798,1,767,0,0,108,2,875,0,681,1,0,64,3,745,1,4,5,13,23,02,37,1,8,6,10,10,02,14,0,10,4,10,27,02,25,1,2,2,12,29,02,14,1,4,3,22,15,02,37,0,6,10,7,47,02,15,1,6,3,24,36,02,33,0,21,6,16,26,02,8,0,23,8,12,18,02,40,0,2,8,7,24,02,14,1,4,9,28,23,02,32,1,35,5,10,21,02,7,1,6,7,17,23,02,33,1,6,9,23,14,02,12,0,6,4,8,20,02,30,1,4,8,19,25,02,11,1,12,9,6,22,02,35,0,6,5,3,13,02,10,1,6,4,13,30,02,30,1,16,6,13,16,02,14
2019020305,2019-11-16,1,0,1,1,0,0,1,3,C,7403,0,753,1,0,60,2,842,1,646,0,0,127,0,773,0,629,0,2,191,1,820,0,559,0,0,0,1,559,0,686,0,0,106,1,792,1,624,0,0,254,0,878,0,608,0,0,190,1,798,1,767,0,0,108,2,875,0,681,1,0,64,3,745,0,697,0,0,120,0,817,0,10,4,10,27,02,25,1,2,2,12,29,02,14,1,4,3,22,15,02,37,0,6,10,7,47,02,15,1,6,3,24,36,02,33,0,21,6,16,26,02,8,0,23,8,12,18,02,40,0,2,8,7,24,02,14,1,4,9,28,23,02,32,1,35,5,10,21,02,7,1,6,7,17,23,02,33,1,6,9,23,14,02,12,0,6,4,8,20,02,30,1,4,8,19,25,02,11,1,12,9,6,22,02,35,0,6,5,3,13,02,10,1,6,4,13,30,02,30,1,16,6,13,16,02,14,0,20,6,3,27,02,36,1,11,8,7,24,02,13
2019020296,2019-11-15,0,0,0,1,0,1,1,2,C,7402,1,646,0,0,127,0,773,0,629,0,2,191,1,820,0,559,0,0,0,1,559,0,686,0,0,106,1,792,1,624,0,0,254,0,878,0,608,0,0,190,1,798,1,767,0,0,108,2,875,0,681,1,0,64,3,745,0,697,0,0,120,0,817,0,538,0,0,99,1,720,1,4,3,22,15,02,37,0,6,10,7,47,02,15,1,6,3,24,36,02,33,0,21,6,16,26,02,8,0,23,8,12,18,02,40,0,2,8,7,24,02,14,1,4,9,28,23,02,32,1,35,5,10,21,02,7,1,6,7,17,23,02,33,1,6,9,23,14,02,12,0,6,4,8,20,02,30,1,4,8,19,25,02,11,1,12,9,6,22,02,35,0,6,5,3,13,02,10,1,6,4,13,30,02,30,1,16,6,13,16,02,14,0,20,6,3,27,02,36,1,11,8,7,24,02,13,1,4,3,27,25,02,27,1,4,6,8,16,02,12
2019020273,2019-11-12,1,0,0,0,1,1,1,0,C,7399,0,629,0,2,191,1,820,0,559,0,0,0,1,559,0,686,0,0,106,1,792,1,624,0,0,254,0,878,0,608,0,0,190,1,798,1,767,0,0,108,2,875,0,681,1,0,64,3,745,0,697,0,0,120,0,817,0,538,0,0,99,1,720,0,581,1,0,253,3,930,1,6,3,24,36,02,33,0,21,6,16,26,02,8,0,23,8,12,18,02,40,0,2,8,7,24,02,14,1,4,9,28,23,02,32,1,35,5,10,21,02,7,1,6,7,17,23,02,33,1,6,9,23,14,02,12,0,6,4,8,20,02,30,1,4,8,19,25,02,11,1,12,9,6,22,02,35,0,6,5,3,13,02,10,1,6,4,13,30,02,30,1,16,6,13,16,02,14,0,20,6,3,27,02,36,1,11,8,7,24,02,13,1,4,3,27,25,02,27,1,4,6,8,16,02,12,1,4,6,10,38,02,30,1,8,4,10,16,02,4
2019020254,2019-11-09,1,0,0,0,1,1,1,1,C,7396,0,559,0,0,0,1,559,0,686,0,0,106,1,792,1,624,0,0,254,0,878,0,608,0,0,190,1,798,1,767,0,0,108,2,875,0,681,1,0,64,3,745,0,697,0,0,120,0,817,0,538,0,0,99,1,720,0,581,1,0,253,3,930,0,604,1,0,274,4,889,0,23,8,12,18,02,40,0,2,8,7,24,02,14,1,4,9,28,23,02,32,1,35,5,10,21,02,7,1,6,7,17,23,02,33,1,6,9,23,14,02,12,0,6,4,8,20,02,30,1,4,8,19,25,02,11,1,12,9,6,22,02,35,0,6,5,3,13,02,10,1,6,4,13,30,02,30,1,16,6,13,16,02,14,0,20,6,3,27,02,36,1,11,8,7,24,02,13,1,4,3,27,25,02,27,1,4,6,8,16,02,12,1,4,6,10,38,02,30,1,8,4,10,16,02,4,1,12,5,16,19,02,28,1,0,5,19,21,02,12
2019020240,2019-11-07,0,0,0,0,1,1,1,1,C,7394,0,686,0,0,106,1,792,1,624,0,0,254,0,878,0,608,0,0,190,1,798,1,767,0,0,108,2,875,0,681,1,0,64,3,745,0,697,0,0,120,0,817,0,538,0,0,99,1,720,0,581,1,0,253,3,930,0,604,1,0,274,4,889,0,572,0,0,317,0,889,1,4,9,28,23,02,32,1,35,5,10,21,02,7,1,6,7,17,23,02,33,1,6,9,23,14,02,12,0,6,4,8,20,02,30,1,4,8,19,25,02,11,1,12,9,6,22,02,35,0,6,5,3,13,02,10,1,6,4,13,30,02,30,1,16,6,13,16,02,14,0,20,6,3,27,02,36,1,11,8,7,24,02,13,1,4,3,27,25,02,27,1,4,6,8,16,02,12,1,4,6,10,38,02,30,1,8,4,10,16,02,4,1,12,5,16,19,02,28,1,0,5,19,21,02,12,0,12,4,10,27,02,29,1,4,6,12,19,02,9
2019020224,2019-11-05,1,0,0,0,1,1,1,1,C,7392,1,624,0,0,254,0,878,0,608,0,0,190,1,798,1,767,0,0,108,2,875,0,681,1,0,64,3,745,0,697,0,0,120,0,817,0,538,0,0,99,1,720,0,581,1,0,253,3,930,0,604,1,0,274,4,889,0,572,0,0,317,0,889,0,671,0,0,297,2,968,1,6,7,17,23,02,33,1,6,9,23,14,02,12,0,6,4,8,20,02,30,1,4,8,19,25,02,11,1,12,9,6,22,02,35,0,6,5,3,13,02,10,1,6,4,13,30,02,30,1,16,6,13,16,02,14,0,20,6,3,27,02,36,1,11,8,7,24,02,13,1,4,3,27,25,02,27,1,4,6,8,16,02,12,1,4,6,10,38,02,30,1,8,4,10,16,02,4,1,12,5,16,19,02,28,1,0,5,19,21,02,12,0,12,4,10,27,02,29,1,4,6,12,19,02,9,0,6,5,6,30,02,35,0,35,9,16,18,02,26
2019020212,2019-11-02,0,0,0,0,1,1,1,0,C,7389,0,608,0,0,190,1,798,1,767,0,0,108,2,875,0,681,1,0,64,3,745,0,697,0,0,120,0,817,0,538,0,0,99,1,720,0,581,1,0,253,3,930,0,604,1,0,274,4,889,0,572,0,0,317,0,889,0,671,0,0,297,2,968,0,925,0,2,65,0,990,0,6,4,8,20,02,30,1,4,8,19,25,02,11,1,12,9,6,22,02,35,0,6,5,3,13,02,10,1,6,4,13,30,02,30,1,16,6,13,16,02,14,0,20,6,3,27,02,36,1,11,8,7,24,02,13,1,4,3,27,25,02,27,1,4,6,8,16,02,12,1,4,6,10,38,02,30,1,8,4,10,16,02,4,1,12,5,16,19,02,28,1,0,5,19,21,02,12,0,12,4,10,27,02,29,1,4,6,12,19,02,9,0,6,5,6,30,02,35,0,35,9,16,18,02,26,1,4,8,25,27,02,32,0,6,5,5,19,02,12
2019020195,2019-10-31,0,0,0,0,1,1,1,1,C,7387,1,767,0,0,108,2,875,0,681,1,0,64,3,745,0,697,0,0,120,0,817,0,538,0,0,99,1,720,0,581,1,0,253,3,930,0,604,1,0,274,4,889,0,572,0,0,317,0,889,0,671,0,0,297,2,968,0,925,0,2,65,0,990,1,610,0,0,139,1,749,1,12,9,6,22,02,35,0,6,5,3,13,02,10,1,6,4,13,30,02,30,1,16,6,13,16,02,14,0,20,6,3,27,02,36,1,11,8,7,24,02,13,1,4,3,27,25,02,27,1,4,6,8,16,02,12,1,4,6,10,38,02,30,1,8,4,10,16,02,4,1,12,5,16,19,02,28,1,0,5,19,21,02,12,0,12,4,10,27,02,29,1,4,6,12,19,02,9,0,6,5,6,30,02,35,0,35,9,16,18,02,26,1,4,8,25,27,02,32,0,6,5,5,19,02,12,0,6,5,5,9,02,22,0,6,4,3,16,02,6
2019020192,2019-10-30,0,0,0,1,0,1,1,2,C,7386,0,681,1,0,64,3,745,0,697,0,0,120,0,817,0,538,0,0,99,1,720,0,581,1,0,253,3,930,0,604,1,0,274,4,889,0,572,0,0,317,0,889,0,671,0,0,297,2,968,0,925,0,2,65,0,990,1,610,0,0,139,1,749,0,695,0,0,68,0,819,1,6,4,13,30,02,30,1,16,6,13,16,02,14,0,20,6,3,27,02,36,1,11,8,7,24,02,13,1,4,3,27,25,02,27,1,4,6,8,16,02,12,1,4,6,10,38,02,30,1,8,4,10,16,02,4,1,12,5,16,19,02,28,1,0,5,19,21,02,12,0,12,4,10,27,02,29,1,4,6,12,19,02,9,0,6,5,6,30,02,35,0,35,9,16,18,02,26,1,4,8,25,27,02,32,0,6,5,5,19,02,12,0,6,5,5,9,02,22,0,6,4,3,16,02,6,0,2,14,8,17,02,32,0,7,9,7,17,02,13
2019020163,2019-10-26,1,0,1,1,0,0,1,3,C,7382,0,697,0,0,120,0,817,0,538,0,0,99,1,720,0,581,1,0,253,3,930,0,604,1,0,274,4,889,0,572,0,0,317,0,889,0,671,0,0,297,2,968,0,925,0,2,65,0,990,1,610,0,0,139,1,749,0,695,0,0,68,0,819,0,721,0,0,98,2,819,0,20,6,3,27,02,36,1,11,8,7,24,02,13,1,4,3,27,25,02,27,1,4,6,8,16,02,12,1,4,6,10,38,02,30,1,8,4,10,16,02,4,1,12,5,16,19,02,28,1,0,5,19,21,02,12,0,12,4,10,27,02,29,1,4,6,12,19,02,9,0,6,5,6,30,02,35,0,35,9,16,18,02,26,1,4,8,25,27,02,32,0,6,5,5,19,02,12,0,6,5,5,9,02,22,0,6,4,3,16,02,6,0,2,14,8,17,02,32,0,7,9,7,17,02,13,0,25,6,6,23,02,37,1,6,7,9,16,02,17
2019020145,2019-10-24,1,0,0,0,1,1,1,0,C,7380,0,538,0,0,99,1,720,0,581,1,0,253,3,930,0,604,1,0,274,4,889,0,572,0,0,317,0,889,0,671,0,0,297,2,968,0,925,0,2,65,0,990,1,610,0,0,139,1,749,0,695,0,0,68,0,819,0,721,0,0,98,2,819,0,0,0,0,0,0,0,1,4,3,27,25,02,27,1,4,6,8,16,02,12,1,4,6,10,38,02,30,1,8,4,10,16,02,4,1,12,5,16,19,02,28,1,0,5,19,21,02,12,0,12,4,10,27,02,29,1,4,6,12,19,02,9,0,6,5,6,30,02,35,0,35,9,16,18,02,26,1,4,8,25,27,02,32,0,6,5,5,19,02,12,0,6,5,5,9,02,22,0,6,4,3,16,02,6,0,2,14,8,17,02,32,0,7,9,7,17,02,13,0,25,6,6,23,02,37,1,6,7,9,16,02,17,1,4,10,18,28,02,40,0,4,7,12,26,02,17
2019020125,2019-10-20,0,0,0,0,1,1,1,1,C,7376,0,581,1,0,253,3,930,0,604,1,0,274,4,889,0,572,0,0,317,0,889,0,671,0,0,297,2,968,0,925,0,2,65,0,990,1,610,0,0,139,1,749,0,695,0,0,68,0,819,0,721,0,0,98,2,819,0,0,0,0,0,0,0,0,0,0,0,0,0,0,1,4,6,10,38,02,30,1,8,4,10,16,02,4,1,12,5,16,19,02,28,1,0,5,19,21,02,12,0,12,4,10,27,02,29,1,4,6,12,19,02,9,0,6,5,6,30,02,35,0,35,9,16,18,02,26,1,4,8,25,27,02,32,0,6,5,5,19,02,12,0,6,5,5,9,02,22,0,6,4,3,16,02,6,0,2,14,8,17,02,32,0,7,9,7,17,02,13,0,25,6,6,23,02,37,1,6,7,9,16,02,17,1,4,10,18,28,02,40,0,4,7,12,26,02,17,1,6,11,19,15,02,34,1,4,8,12,18,02,13
2019020114,2019-10-19,0,0,1,1,0,0,1,3,C,7375,0,604,1,0,274,4,889,0,572,0,0,317,0,889,0,671,0,0,297,2,968,0,925,0,2,65,0,990,1,610,0,0,139,1,749,0,695,0,0,68,0,819,0,721,0,0,98,2,819,0,0,0,0,0,0,0,0,0,0,0,0,0,0,0,0,0,0,0,0,0,1,12,5,16,19,02,28,1,0,5,19,21,02,12,0,12,4,10,27,02,29,1,4,6,12,19,02,9,0,6,5,6,30,02,35,0,35,9,16,18,02,26,1,4,8,25,27,02,32,0,6,5,5,19,02,12,0,6,5,5,9,02,22,0,6,4,3,16,02,6,0,2,14,8,17,02,32,0,7,9,7,17,02,13,0,25,6,6,23,02,37,1,6,7,9,16,02,17,1,4,10,18,28,02,40,0,4,7,12,26,02,17,1,6,11,19,15,02,34,1,4,8,12,18,02,13,1,6,6,22,24,02,39,1,2,9,13,16,02,16
2019020099,2019-10-17,1,1,1,1,0,0,0,4,C,7373,0,572,0,0,317,0,889,0,671,0,0,297,2,968,0,925,0,2,65,0,990,1,610,0,0,139,1,749,0,695,0,0,68,0,819,0,721,0,0,98,2,819,0,0,0,0,0,0,0,0,0,0,0,0,0,0,0,0,0,0,0,0,0,0,0,0,0,0,0,0,0,12,4,10,27,02,29,1,4,6,12,19,02,9,0,6,5,6,30,02,35,0,35,9,16,18,02,26,1,4,8,25,27,02,32,0,6,5,5,19,02,12,0,6,5,5,9,02,22,0,6,4,3,16,02,6,0,2,14,8,17,02,32,0,7,9,7,17,02,13,0,25,6,6,23,02,37,1,6,7,9,16,02,17,1,4,10,18,28,02,40,0,4,7,12,26,02,17,1,6,11,19,15,02,34,1,4,8,12,18,02,13,1,6,6,22,24,02,39,1,2,9,13,16,02,16,0,13,7,14,34,02,27,1,9,5,6,12,02,9
2019020086,2019-10-15,1,0,0,0,1,1,1,0,C,7371,0,671,0,0,297,2,968,0,925,0,2,65,0,990,1,610,0,0,139,1,749,0,695,0,0,68,0,819,0,721,0,0,98,2,819,0,0,0,0,0,0,0,0,0,0,0,0,0,0,0,0,0,0,0,0,0,0,0,0,0,0,0,0,0,0,0,0,0,0,0,0,6,5,6,30,02,35,0,35,9,16,18,02,26,1,4,8,25,27,02,32,0,6,5,5,19,02,12,0,6,5,5,9,02,22,0,6,4,3,16,02,6,0,2,14,8,17,02,32,0,7,9,7,17,02,13,0,25,6,6,23,02,37,1,6,7,9,16,02,17,1,4,10,18,28,02,40,0,4,7,12,26,02,17,1,6,11,19,15,02,34,1,4,8,12,18,02,13,1,6,6,22,24,02,39,1,2,9,13,16,02,16,0,13,7,14,34,02,27,1,9,5,6,12,02,9,0,21,2,3,16,02,32,0,2,9,7,20,02,9
2019020065,2019-10-12,1,0,0,1,0,1,1,2,C,7368,0,925,0,2,65,0,990,1,610,0,0,139,1,749,0,695,0,0,68,0,819,0,721,0,0,98,2,819,0,0,0,0,0,0,0,0,0,0,0,0,0,0,0,0,0,0,0,0,0,0,0,0,0,0,0,0,0,0,0,0,0,0,0,0,0,0,0,0,0,0,1,4,8,25,27,02,32,0,6,5,5,19,02,12,0,6,5,5,9,02,22,0,6,4,3,16,02,6,0,2,14,8,17,02,32,0,7,9,7,17,02,13,0,25,6,6,23,02,37,1,6,7,9,16,02,17,1,4,10,18,28,02,40,0,4,7,12,26,02,17,1,6,11,19,15,02,34,1,4,8,12,18,02,13,1,6,6,22,24,02,39,1,2,9,13,16,02,16,0,13,7,14,34,02,27,1,9,5,6,12,02,9,0,21,2,3,16,02,32,0,2,9,7,20,02,9,0,6,10,9,26,02,34,0,0,0,0,0,0,0
2019020048,2019-10-10,1,0,0,0,1,1,1,0,C,7366,1,610,0,0,139,1,749,0,695,0,0,68,0,819,0,721,0,0,98,2,819,0,0,0,0,0,0,0,0,0,0,0,0,0,0,0,0,0,0,0,0,0,0,0,0,0,0,0,0,0,0,0,0,0,0,0,0,0,0,0,0,0,0,0,0,0,0,0,0,0,0,6,5,5,9,02,22,0,6,4,3,16,02,6,0,2,14,8,17,02,32,0,7,9,7,17,02,13,0,25,6,6,23,02,37,1,6,7,9,16,02,17,1,4,10,18,28,02,40,0,4,7,12,26,02,17,1,6,11,19,15,02,34,1,4,8,12,18,02,13,1,6,6,22,24,02,39,1,2,9,13,16,02,16,0,13,7,14,34,02,27,1,9,5,6,12,02,9,0,21,2,3,16,02,32,0,2,9,7,20,02,9,0,6,10,9,26,02,34,0,0,0,0,0,0,0,1,8,10,14,36,02,34,0,0,0,0,0,0,0
2019020044,2019-10-09,0,0,0,0,1,1,1,1,C,7365,0,695,0,0,68,0,819,0,721,0,0,98,2,819,0,0,0,0,0,0,0,0,0,0,0,0,0,0,0,0,0,0,0,0,0,0,0,0,0,0,0,0,0,0,0,0,0,0,0,0,0,0,0,0,0,0,0,0,0,0,0,0,0,0,0,0,0,0,0,0,0,2,14,8,17,02,32,0,7,9,7,17,02,13,0,25,6,6,23,02,37,1,6,7,9,16,02,17,1,4,10,18,28,02,40,0,4,7,12,26,02,17,1,6,11,19,15,02,34,1,4,8,12,18,02,13,1,6,6,22,24,02,39,1,2,9,13,16,02,16,0,13,7,14,34,02,27,1,9,5,6,12,02,9,0,21,2,3,16,02,32,0,2,9,7,20,02,9,0,6,10,9,26,02,34,0,0,0,0,0,0,0,1,8,10,14,36,02,34,0,0,0,0,0,0,0,0,0,0,0,0,0,0,0,0,0,0,0,0,0
2019020019,2019-10-05,0,0,0,0,1,1,1,0,C,7361,0,721,0,0,98,2,819,0,0,0,0,0,0,0,0,0,0,0,0,0,0,0,0,0,0,0,0,0,0,0,0,0,0,0,0,0,0,0,0,0,0,0,0,0,0,0,0,0,0,0,0,0,0,0,0,0,0,0,0,0,0,0,0,0,0,0,0,0,0,0,0,25,6,6,23,02,37,1,6,7,9,16,02,17,1,4,10,18,28,02,40,0,4,7,12,26,02,17,1,6,11,19,15,02,34,1,4,8,12,18,02,13,1,6,6,22,24,02,39,1,2,9,13,16,02,16,0,13,7,14,34,02,27,1,9,5,6,12,02,9,0,21,2,3,16,02,32,0,2,9,7,20,02,9,0,6,10,9,26,02,34,0,0,0,0,0,0,0,1,8,10,14,36,02,34,0,0,0,0,0,0,0,0,0,0,0,0,0,0,0,0,0,0,0,0,0,0,0,0,0,0,0,0,0,0,0,0,0,0,0
2019020008,2019-10-03,0,0,0,1,0,1,1,2,C,7359,0,0,0,0,0,0,0,0,0,0,0,0,0,0,0,0,0,0,0,0,0,0,0,0,0,0,0,0,0,0,0,0,0,0,0,0,0,0,0,0,0,0,0,0,0,0,0,0,0,0,0,0,0,0,0,0,0,0,0,0,0,0,0,0,0,0,0,0,0,0,1,4,10,18,28,02,40,0,4,7,12,26,02,17,1,6,11,19,15,02,34,1,4,8,12,18,02,13,1,6,6,22,24,02,39,1,2,9,13,16,02,16,0,13,7,14,34,02,27,1,9,5,6,12,02,9,0,21,2,3,16,02,32,0,2,9,7,20,02,9,0,6,10,9,26,02,34,0,0,0,0,0,0,0,1,8,10,14,36,02,34,0,0,0,0,0,0,0,0,0,0,0,0,0,0,0,0,0,0,0,0,0,0,0,0,0,0,0,0,0,0,0,0,0,0,0,0,0,0,0,0,0,0,0,0,0,0,0,0,0
